
2026-01-07 20:04:12,101 [INFO] [ROUND 1]
2026-01-07 20:04:13,792 [INFO] configure_fit: strategy sampled 20 clients (out of 20)
2026-01-07 20:04:16,393 [INFO] aggregate_fit: received 20 results and 0 failures
2026-01-07 20:04:16,403 [WARNING] No fit_metrics_aggregation_fn provided
2026-01-07 20:04:16,403 [INFO] configure_evaluate: strategy sampled 28 clients (out of 28)
2026-01-07 20:04:16,668 [INFO] aggregate_evaluate: received 28 results and 0 failures
2026-01-07 20:04:16,668 [INFO] Round aggregated metrics -> mse: 241.7053  rmse: 15.5469  mae: 7.8795
2026-01-07 20:04:16,668 [INFO] 
2026-01-07 20:04:16,668 [INFO] [ROUND 2]
2026-01-07 20:04:16,669 [INFO] configure_fit: strategy sampled 28 clients (out of 28)
2026-01-07 20:04:18,882 [INFO] aggregate_fit: received 28 results and 0 failures
2026-01-07 20:04:18,894 [INFO] configure_evaluate: strategy sampled 28 clients (out of 28)
2026-01-07 20:04:19,118 [INFO] aggregate_evaluate: received 28 results and 0 failures
2026-01-07 20:04:19,118 [INFO] Round aggregated metrics -> mse: 167.2233  rmse: 12.9315  mae: 5.7718
2026-01-07 20:04:19,119 [INFO] 
2026-01-07 20:04:19,119 [INFO] [ROUND 3]
2026-01-07 20:04:19,119 [INFO] configure_fit: strategy sampled 28 clients (out of 28)
2026-01-07 20:04:21,059 [INFO] aggregate_fit: received 28 results and 0 failures
2026-01-07 20:04:21,070 [INFO] configure_evaluate: strategy sampled 28 clients (out of 28)
2026-01-07 20:04:21,296 [INFO] aggregate_evaluate: received 28 results and 0 failures
2026-01-07 20:04:21,296 [INFO] Round aggregated metrics -> mse: 154.4614  rmse: 12.4283  mae: 5.2895
2026-01-07 20:04:21,296 [INFO] 
2026-01-07 20:04:21,296 [INFO] [ROUND 4]
2026-01-07 20:04:21,297 [INFO] configure_fit: strategy sampled 28 clients (out of 28)
2026-01-07 20:04:23,228 [INFO] aggregate_fit: received 28 results and 0 failures
2026-01-07 20:04:23,240 [INFO] configure_evaluate: strategy sampled 28 clients (out of 28)
2026-01-07 20:04:23,464 [INFO] aggregate_evaluate: received 28 results and 0 failures
2026-01-07 20:04:23,464 [INFO] Round aggregated metrics -> mse: 147.3803  rmse: 12.1400  mae: 5.0545
2026-01-07 20:04:23,464 [INFO] 
2026-01-07 20:04:23,464 [INFO] [ROUND 5]
2026-01-07 20:04:23,464 [INFO] configure_fit: strategy sampled 28 clients (out of 28)
2026-01-07 20:04:25,396 [INFO] aggregate_fit: received 28 results and 0 failures
2026-01-07 20:04:25,407 [INFO] configure_evaluate: strategy sampled 28 clients (out of 28)
2026-01-07 20:04:25,632 [INFO] aggregate_evaluate: received 28 results and 0 failures
2026-01-07 20:04:25,633 [INFO] Round aggregated metrics -> mse: 141.6702  rmse: 11.9025  mae: 4.8674
2026-01-07 20:04:25,633 [INFO] 
2026-01-07 20:04:25,633 [INFO] [ROUND 6]
2026-01-07 20:04:25,633 [INFO] configure_fit: strategy sampled 28 clients (out of 28)
2026-01-07 20:04:27,566 [INFO] aggregate_fit: received 28 results and 0 failures
2026-01-07 20:04:27,579 [INFO] configure_evaluate: strategy sampled 28 clients (out of 28)
2026-01-07 20:04:27,804 [INFO] aggregate_evaluate: received 28 results and 0 failures
2026-01-07 20:04:27,804 [INFO] Round aggregated metrics -> mse: 141.3641  rmse: 11.8897  mae: 4.8760
2026-01-07 20:04:27,804 [INFO] 
2026-01-07 20:04:27,804 [INFO] [ROUND 7]
2026-01-07 20:04:27,805 [INFO] configure_fit: strategy sampled 28 clients (out of 28)
2026-01-07 20:04:29,744 [INFO] aggregate_fit: received 28 results and 0 failures
2026-01-07 20:04:29,770 [INFO] configure_evaluate: strategy sampled 28 clients (out of 28)
2026-01-07 20:04:29,997 [INFO] aggregate_evaluate: received 28 results and 0 failures
2026-01-07 20:04:29,997 [INFO] Round aggregated metrics -> mse: 138.2866  rmse: 11.7595  mae: 4.7219
2026-01-07 20:04:29,997 [INFO] 
2026-01-07 20:04:29,997 [INFO] [ROUND 8]
2026-01-07 20:04:29,998 [INFO] configure_fit: strategy sampled 28 clients (out of 28)
2026-01-07 20:04:31,931 [INFO] aggregate_fit: received 28 results and 0 failures
2026-01-07 20:04:31,942 [INFO] configure_evaluate: strategy sampled 28 clients (out of 28)
2026-01-07 20:04:32,166 [INFO] aggregate_evaluate: received 28 results and 0 failures
2026-01-07 20:04:32,166 [INFO] Round aggregated metrics -> mse: 141.1862  rmse: 11.8822  mae: 4.9064
2026-01-07 20:04:32,166 [INFO] 
2026-01-07 20:04:32,166 [INFO] [ROUND 9]
2026-01-07 20:04:32,167 [INFO] configure_fit: strategy sampled 28 clients (out of 28)
2026-01-07 20:04:34,096 [INFO] aggregate_fit: received 28 results and 0 failures
2026-01-07 20:04:34,106 [INFO] configure_evaluate: strategy sampled 28 clients (out of 28)
2026-01-07 20:04:34,329 [INFO] aggregate_evaluate: received 28 results and 0 failures
2026-01-07 20:04:34,329 [INFO] Round aggregated metrics -> mse: 138.6512  rmse: 11.7750  mae: 4.8352
2026-01-07 20:04:34,329 [INFO] 
2026-01-07 20:04:34,329 [INFO] [ROUND 10]
2026-01-07 20:04:34,330 [INFO] configure_fit: strategy sampled 28 clients (out of 28)
2026-01-07 20:04:36,277 [INFO] aggregate_fit: received 28 results and 0 failures
2026-01-07 20:04:36,287 [INFO] configure_evaluate: strategy sampled 28 clients (out of 28)
2026-01-07 20:04:36,511 [INFO] aggregate_evaluate: received 28 results and 0 failures
2026-01-07 20:04:36,511 [INFO] Round aggregated metrics -> mse: 137.2891  rmse: 11.7170  mae: 4.8027
2026-01-07 20:04:36,511 [INFO] 
2026-01-07 20:04:36,511 [INFO] [ROUND 11]
2026-01-07 20:04:36,512 [INFO] configure_fit: strategy sampled 28 clients (out of 28)
2026-01-07 20:04:38,429 [INFO] aggregate_fit: received 28 results and 0 failures
2026-01-07 20:04:38,440 [INFO] configure_evaluate: strategy sampled 28 clients (out of 28)
2026-01-07 20:04:38,667 [INFO] aggregate_evaluate: received 28 results and 0 failures
2026-01-07 20:04:38,667 [INFO] Round aggregated metrics -> mse: 132.8522  rmse: 11.5262  mae: 4.6129
2026-01-07 20:04:38,667 [INFO] 
2026-01-07 20:04:38,667 [INFO] [ROUND 12]
2026-01-07 20:04:38,668 [INFO] configure_fit: strategy sampled 28 clients (out of 28)
2026-01-07 20:04:40,596 [INFO] aggregate_fit: received 28 results and 0 failures
2026-01-07 20:04:40,608 [INFO] configure_evaluate: strategy sampled 28 clients (out of 28)
2026-01-07 20:04:40,829 [INFO] aggregate_evaluate: received 28 results and 0 failures
2026-01-07 20:04:40,829 [INFO] Round aggregated metrics -> mse: 134.7658  rmse: 11.6089  mae: 4.7369
2026-01-07 20:04:40,829 [INFO] 
2026-01-07 20:04:40,829 [INFO] [ROUND 13]
2026-01-07 20:04:40,829 [INFO] configure_fit: strategy sampled 28 clients (out of 28)
2026-01-07 20:04:42,753 [INFO] aggregate_fit: received 28 results and 0 failures
2026-01-07 20:04:42,764 [INFO] configure_evaluate: strategy sampled 28 clients (out of 28)
2026-01-07 20:04:42,986 [INFO] aggregate_evaluate: received 28 results and 0 failures
2026-01-07 20:04:42,987 [INFO] Round aggregated metrics -> mse: 139.6668  rmse: 11.8181  mae: 4.9265
2026-01-07 20:04:42,987 [INFO] 
2026-01-07 20:04:42,987 [INFO] [ROUND 14]
2026-01-07 20:04:42,987 [INFO] configure_fit: strategy sampled 28 clients (out of 28)
2026-01-07 20:04:44,919 [INFO] aggregate_fit: received 28 results and 0 failures
2026-01-07 20:04:44,930 [INFO] configure_evaluate: strategy sampled 28 clients (out of 28)
2026-01-07 20:04:45,156 [INFO] aggregate_evaluate: received 28 results and 0 failures
2026-01-07 20:04:45,156 [INFO] Round aggregated metrics -> mse: 136.6428  rmse: 11.6894  mae: 4.8415
2026-01-07 20:04:45,156 [INFO] 
2026-01-07 20:04:45,157 [INFO] [ROUND 15]
2026-01-07 20:04:45,157 [INFO] configure_fit: strategy sampled 28 clients (out of 28)
2026-01-07 20:04:47,082 [INFO] aggregate_fit: received 28 results and 0 failures
2026-01-07 20:04:47,094 [INFO] configure_evaluate: strategy sampled 28 clients (out of 28)
2026-01-07 20:04:47,314 [INFO] aggregate_evaluate: received 28 results and 0 failures
2026-01-07 20:04:47,315 [INFO] Round aggregated metrics -> mse: 136.0722  rmse: 11.6650  mae: 4.8506
2026-01-07 20:04:47,315 [INFO] 
2026-01-07 20:04:47,315 [INFO] [ROUND 16]
2026-01-07 20:04:47,315 [INFO] configure_fit: strategy sampled 28 clients (out of 28)
2026-01-07 20:04:49,237 [INFO] aggregate_fit: received 28 results and 0 failures
2026-01-07 20:04:49,250 [INFO] configure_evaluate: strategy sampled 28 clients (out of 28)
2026-01-07 20:04:49,474 [INFO] aggregate_evaluate: received 28 results and 0 failures
2026-01-07 20:04:49,475 [INFO] Round aggregated metrics -> mse: 134.9499  rmse: 11.6168  mae: 4.8237
2026-01-07 20:04:49,475 [INFO] 
2026-01-07 20:04:49,475 [INFO] [ROUND 17]
2026-01-07 20:04:49,475 [INFO] configure_fit: strategy sampled 28 clients (out of 28)
2026-01-07 20:04:51,411 [INFO] aggregate_fit: received 28 results and 0 failures
2026-01-07 20:04:51,423 [INFO] configure_evaluate: strategy sampled 28 clients (out of 28)
2026-01-07 20:04:51,647 [INFO] aggregate_evaluate: received 28 results and 0 failures
2026-01-07 20:04:51,648 [INFO] Round aggregated metrics -> mse: 133.9735  rmse: 11.5747  mae: 4.7977
2026-01-07 20:04:51,648 [INFO] 
2026-01-07 20:04:51,648 [INFO] [ROUND 18]
2026-01-07 20:04:51,648 [INFO] configure_fit: strategy sampled 28 clients (out of 28)
2026-01-07 20:04:53,574 [INFO] aggregate_fit: received 28 results and 0 failures
2026-01-07 20:04:53,587 [INFO] configure_evaluate: strategy sampled 28 clients (out of 28)
2026-01-07 20:04:53,809 [INFO] aggregate_evaluate: received 28 results and 0 failures
2026-01-07 20:04:53,809 [INFO] Round aggregated metrics -> mse: 134.5463  rmse: 11.5994  mae: 4.8551
2026-01-07 20:04:53,809 [INFO] 
2026-01-07 20:04:53,810 [INFO] [ROUND 19]
2026-01-07 20:04:53,810 [INFO] configure_fit: strategy sampled 28 clients (out of 28)
2026-01-07 20:04:55,723 [INFO] aggregate_fit: received 28 results and 0 failures
2026-01-07 20:04:55,734 [INFO] configure_evaluate: strategy sampled 28 clients (out of 28)
2026-01-07 20:04:55,956 [INFO] aggregate_evaluate: received 28 results and 0 failures
2026-01-07 20:04:55,956 [INFO] Round aggregated metrics -> mse: 131.3798  rmse: 11.4621  mae: 4.7218
2026-01-07 20:04:55,956 [INFO] 
2026-01-07 20:04:55,957 [INFO] [ROUND 20]
2026-01-07 20:04:55,957 [INFO] configure_fit: strategy sampled 28 clients (out of 28)
2026-01-07 20:04:57,890 [INFO] aggregate_fit: received 28 results and 0 failures
2026-01-07 20:04:57,902 [INFO] configure_evaluate: strategy sampled 28 clients (out of 28)
2026-01-07 20:04:58,124 [INFO] aggregate_evaluate: received 28 results and 0 failures
2026-01-07 20:04:58,125 [INFO] Round aggregated metrics -> mse: 129.6366  rmse: 11.3858  mae: 4.6525
2026-01-07 20:04:58,125 [INFO] 
2026-01-07 20:04:58,125 [INFO] [ROUND 21]
2026-01-07 20:04:58,125 [INFO] configure_fit: strategy sampled 28 clients (out of 28)
2026-01-07 20:05:00,055 [INFO] aggregate_fit: received 28 results and 0 failures
2026-01-07 20:05:00,068 [INFO] configure_evaluate: strategy sampled 28 clients (out of 28)
2026-01-07 20:05:00,290 [INFO] aggregate_evaluate: received 28 results and 0 failures
2026-01-07 20:05:00,290 [INFO] Round aggregated metrics -> mse: 131.5684  rmse: 11.4703  mae: 4.7632
2026-01-07 20:05:00,290 [INFO] 
2026-01-07 20:05:00,290 [INFO] [ROUND 22]
2026-01-07 20:05:00,290 [INFO] configure_fit: strategy sampled 28 clients (out of 28)
2026-01-07 20:05:02,219 [INFO] aggregate_fit: received 28 results and 0 failures
2026-01-07 20:05:02,232 [INFO] configure_evaluate: strategy sampled 28 clients (out of 28)
2026-01-07 20:05:02,455 [INFO] aggregate_evaluate: received 28 results and 0 failures
2026-01-07 20:05:02,456 [INFO] Round aggregated metrics -> mse: 131.7236  rmse: 11.4771  mae: 4.8403
2026-01-07 20:05:02,456 [INFO] 
2026-01-07 20:05:02,456 [INFO] [ROUND 23]
2026-01-07 20:05:02,456 [INFO] configure_fit: strategy sampled 28 clients (out of 28)
2026-01-07 20:05:04,375 [INFO] aggregate_fit: received 28 results and 0 failures
2026-01-07 20:05:04,389 [INFO] configure_evaluate: strategy sampled 28 clients (out of 28)
2026-01-07 20:05:04,611 [INFO] aggregate_evaluate: received 28 results and 0 failures
2026-01-07 20:05:04,612 [INFO] Round aggregated metrics -> mse: 126.0929  rmse: 11.2291  mae: 4.5760
2026-01-07 20:05:04,612 [INFO] 
2026-01-07 20:05:04,612 [INFO] [ROUND 24]
2026-01-07 20:05:04,612 [INFO] configure_fit: strategy sampled 28 clients (out of 28)
2026-01-07 20:05:06,541 [INFO] aggregate_fit: received 28 results and 0 failures
2026-01-07 20:05:06,553 [INFO] configure_evaluate: strategy sampled 28 clients (out of 28)
2026-01-07 20:05:06,776 [INFO] aggregate_evaluate: received 28 results and 0 failures
2026-01-07 20:05:06,776 [INFO] Round aggregated metrics -> mse: 128.0149  rmse: 11.3144  mae: 4.6779
2026-01-07 20:05:06,777 [INFO] 
2026-01-07 20:05:06,777 [INFO] [ROUND 25]
2026-01-07 20:05:06,777 [INFO] configure_fit: strategy sampled 28 clients (out of 28)
2026-01-07 20:05:08,700 [INFO] aggregate_fit: received 28 results and 0 failures
2026-01-07 20:05:08,713 [INFO] configure_evaluate: strategy sampled 28 clients (out of 28)
2026-01-07 20:05:08,936 [INFO] aggregate_evaluate: received 28 results and 0 failures
2026-01-07 20:05:08,936 [INFO] Round aggregated metrics -> mse: 128.4095  rmse: 11.3318  mae: 4.6690
2026-01-07 20:05:08,936 [INFO] 
2026-01-07 20:05:08,936 [INFO] [ROUND 26]
2026-01-07 20:05:08,936 [INFO] configure_fit: strategy sampled 28 clients (out of 28)
2026-01-07 20:05:10,857 [INFO] aggregate_fit: received 28 results and 0 failures
2026-01-07 20:05:10,869 [INFO] configure_evaluate: strategy sampled 28 clients (out of 28)
2026-01-07 20:05:11,091 [INFO] aggregate_evaluate: received 28 results and 0 failures
2026-01-07 20:05:11,091 [INFO] Round aggregated metrics -> mse: 129.5368  rmse: 11.3814  mae: 4.7798
2026-01-07 20:05:11,091 [INFO] 
2026-01-07 20:05:11,091 [INFO] [ROUND 27]
2026-01-07 20:05:11,091 [INFO] configure_fit: strategy sampled 28 clients (out of 28)
2026-01-07 20:05:13,017 [INFO] aggregate_fit: received 28 results and 0 failures
2026-01-07 20:05:13,029 [INFO] configure_evaluate: strategy sampled 28 clients (out of 28)
2026-01-07 20:05:13,251 [INFO] aggregate_evaluate: received 28 results and 0 failures
2026-01-07 20:05:13,251 [INFO] Round aggregated metrics -> mse: 128.0840  rmse: 11.3174  mae: 4.7693
2026-01-07 20:05:13,252 [INFO] 
2026-01-07 20:05:13,252 [INFO] [ROUND 28]
2026-01-07 20:05:13,252 [INFO] configure_fit: strategy sampled 28 clients (out of 28)
2026-01-07 20:05:15,178 [INFO] aggregate_fit: received 28 results and 0 failures
2026-01-07 20:05:15,189 [INFO] configure_evaluate: strategy sampled 28 clients (out of 28)
2026-01-07 20:05:15,412 [INFO] aggregate_evaluate: received 28 results and 0 failures
2026-01-07 20:05:15,413 [INFO] Round aggregated metrics -> mse: 126.3061  rmse: 11.2386  mae: 4.6811
2026-01-07 20:05:15,413 [INFO] 
2026-01-07 20:05:15,413 [INFO] [ROUND 29]
2026-01-07 20:05:15,413 [INFO] configure_fit: strategy sampled 28 clients (out of 28)
2026-01-07 20:05:17,348 [INFO] aggregate_fit: received 28 results and 0 failures
2026-01-07 20:05:17,360 [INFO] configure_evaluate: strategy sampled 28 clients (out of 28)
2026-01-07 20:05:17,584 [INFO] aggregate_evaluate: received 28 results and 0 failures
2026-01-07 20:05:17,584 [INFO] Round aggregated metrics -> mse: 128.0703  rmse: 11.3168  mae: 4.7475
2026-01-07 20:05:17,584 [INFO] 
2026-01-07 20:05:17,584 [INFO] [ROUND 30]
2026-01-07 20:05:17,584 [INFO] configure_fit: strategy sampled 28 clients (out of 28)
2026-01-07 20:05:19,513 [INFO] aggregate_fit: received 28 results and 0 failures
2026-01-07 20:05:19,524 [INFO] configure_evaluate: strategy sampled 28 clients (out of 28)
2026-01-07 20:05:19,747 [INFO] aggregate_evaluate: received 28 results and 0 failures
2026-01-07 20:05:19,748 [INFO] Round aggregated metrics -> mse: 125.1561  rmse: 11.1873  mae: 4.5867
2026-01-07 20:05:19,748 [INFO] 
2026-01-07 20:05:19,748 [INFO] [SUMMARY]
2026-01-07 20:05:19,748 [INFO] Run finished 30 rounds in 67.65s
2026-01-07 20:05:19,750 [INFO] History (loss, distributed):
2026-01-07 20:05:19,750 [INFO] 	('\tround 1: 241.70528858987484\n'
2026-01-07 20:05:19,750 [INFO] 	 '\tround 2: 167.22331158493114\n'
2026-01-07 20:05:19,750 [INFO] 	 '\tround 3: 154.46140972588393\n'
2026-01-07 20:05:19,750 [INFO] 	 '\tround 4: 147.38029142359218\n'
2026-01-07 20:05:19,750 [INFO] 	 '\tround 5: 141.67024917830906\n'
2026-01-07 20:05:19,750 [INFO] 	 '\tround 6: 141.36412081463854\n'
2026-01-07 20:05:19,750 [INFO] 	 '\tround 7: 138.28663760390882\n'
2026-01-07 20:05:19,750 [INFO] 	 '\tround 8: 141.1861899474091\n'
2026-01-07 20:05:19,750 [INFO] 	 '\tround 9: 138.65120056965392\n'
2026-01-07 20:05:19,750 [INFO] 	 '\tround 10: 137.28905227714782\n'
2026-01-07 20:05:19,750 [INFO] 	 '\tround 11: 132.8521577129115\n'
2026-01-07 20:05:19,750 [INFO] 	 '\tround 12: 134.76577053681413\n'
2026-01-07 20:05:19,750 [INFO] 	 '\tround 13: 139.66678545556408\n'
2026-01-07 20:05:19,750 [INFO] 	 '\tround 14: 136.6428228209152\n'
2026-01-07 20:05:19,750 [INFO] 	 '\tround 15: 136.0721716565839\n'
2026-01-07 20:05:19,750 [INFO] 	 '\tround 16: 134.949875241895\n'
2026-01-07 20:05:19,751 [INFO] 	 '\tround 17: 133.97350484326714\n'
2026-01-07 20:05:19,751 [INFO] 	 '\tround 18: 134.54632101525527\n'
2026-01-07 20:05:19,751 [INFO] 	 '\tround 19: 131.37975782795198\n'
2026-01-07 20:05:19,751 [INFO] 	 '\tround 20: 129.63662115496086\n'
2026-01-07 20:05:19,751 [INFO] 	 '\tround 21: 131.56836962298337\n'
2026-01-07 20:05:19,751 [INFO] 	 '\tround 22: 131.72358552951752\n'
2026-01-07 20:05:19,751 [INFO] 	 '\tround 23: 126.0928686461134\n'
2026-01-07 20:05:19,751 [INFO] 	 '\tround 24: 128.0149344031577\n'
2026-01-07 20:05:19,751 [INFO] 	 '\tround 25: 128.4094920901942\n'
2026-01-07 20:05:19,751 [INFO] 	 '\tround 26: 129.53680879451287\n'
2026-01-07 20:05:19,751 [INFO] 	 '\tround 27: 128.08402310897733\n'
2026-01-07 20:05:19,751 [INFO] 	 '\tround 28: 126.30604969977131\n'
2026-01-07 20:05:19,751 [INFO] 	 '\tround 29: 128.0703487842319\n'
2026-01-07 20:05:19,751 [INFO] 	 '\tround 30: 125.15606673787101\n')History (metrics, distributed, evaluate):
2026-01-07 20:05:19,751 [INFO] 	{'mae': [(1, 7.879508439878276),
2026-01-07 20:05:19,751 [INFO] 	         (2, 5.771786067119222),
2026-01-07 20:05:19,751 [INFO] 	         (3, 5.289450403941432),
2026-01-07 20:05:19,751 [INFO] 	         (4, 5.05448493252207),
2026-01-07 20:05:19,751 [INFO] 	         (5, 4.867419054811969),
2026-01-07 20:05:19,751 [INFO] 	         (6, 4.876027146192126),
2026-01-07 20:05:19,751 [INFO] 	         (7, 4.721889739403694),
2026-01-07 20:05:19,751 [INFO] 	         (8, 4.906398252144415),
2026-01-07 20:05:19,751 [INFO] 	         (9, 4.835203457791033),
2026-01-07 20:05:19,752 [INFO] 	         (10, 4.802678978260125),
2026-01-07 20:05:19,752 [INFO] 	         (11, 4.612940648203591),
2026-01-07 20:05:19,752 [INFO] 	         (12, 4.736879165324456),
2026-01-07 20:05:19,752 [INFO] 	         (13, 4.926516992006687),
2026-01-07 20:05:19,752 [INFO] 	         (14, 4.841508618442429),
2026-01-07 20:05:19,752 [INFO] 	         (15, 4.850647068783081),
2026-01-07 20:05:19,752 [INFO] 	         (16, 4.82365907202829),
2026-01-07 20:05:19,752 [INFO] 	         (17, 4.797692486990711),
2026-01-07 20:05:19,752 [INFO] 	         (18, 4.8551114334304),
2026-01-07 20:05:19,752 [INFO] 	         (19, 4.721787388886365),
2026-01-07 20:05:19,752 [INFO] 	         (20, 4.652463500020048),
2026-01-07 20:05:19,752 [INFO] 	         (21, 4.763181615187202),
2026-01-07 20:05:19,752 [INFO] 	         (22, 4.8403395442488435),
2026-01-07 20:05:19,752 [INFO] 	         (23, 4.576009413662796),
2026-01-07 20:05:19,752 [INFO] 	         (24, 4.677922998241718),
2026-01-07 20:05:19,752 [INFO] 	         (25, 4.669006410812043),
2026-01-07 20:05:19,752 [INFO] 	         (26, 4.779773868545275),
2026-01-07 20:05:19,752 [INFO] 	         (27, 4.769297990828452),
2026-01-07 20:05:19,752 [INFO] 	         (28, 4.681056720785981),
2026-01-07 20:05:19,752 [INFO] 	         (29, 4.747548207845521),
2026-01-07 20:05:19,752 [INFO] 	         (30, 4.5867135266881816)],
2026-01-07 20:05:19,752 [INFO] 	 'mse': [(1, 241.70528813717866),
2026-01-07 20:05:19,753 [INFO] 	         (2, 167.22331074173167),
2026-01-07 20:05:19,753 [INFO] 	         (3, 154.46140934390337),
2026-01-07 20:05:19,753 [INFO] 	         (4, 147.3802937415047),
2026-01-07 20:05:19,753 [INFO] 	         (5, 141.67024881942461),
2026-01-07 20:05:19,753 [INFO] 	         (6, 141.36412033321392),
2026-01-07 20:05:19,753 [INFO] 	         (7, 138.28663854615797),
2026-01-07 20:05:19,753 [INFO] 	         (8, 141.18618965193656),
2026-01-07 20:05:19,753 [INFO] 	         (9, 138.65120177475632),
2026-01-07 20:05:19,753 [INFO] 	         (10, 137.28905242971058),
2026-01-07 20:05:19,753 [INFO] 	         (11, 132.85215985381637),
2026-01-07 20:05:19,753 [INFO] 	         (12, 134.76577087951694),
2026-01-07 20:05:19,753 [INFO] 	         (13, 139.66678502069877),
2026-01-07 20:05:19,753 [INFO] 	         (14, 136.6428236488345),
2026-01-07 20:05:19,753 [INFO] 	         (15, 136.07217334933054),
2026-01-07 20:05:19,753 [INFO] 	         (16, 134.94987440855164),
2026-01-07 20:05:19,753 [INFO] 	         (17, 133.9735055510245),
2026-01-07 20:05:19,753 [INFO] 	         (18, 134.54632095322287),
2026-01-07 20:05:19,753 [INFO] 	         (19, 131.37975790942008),
2026-01-07 20:05:19,753 [INFO] 	         (20, 129.63662010113393),
2026-01-07 20:05:19,753 [INFO] 	         (21, 131.5683695783516),
2026-01-07 20:05:19,753 [INFO] 	         (22, 131.72358618741538),
2026-01-07 20:05:19,754 [INFO] 	         (23, 126.0928685299977),
2026-01-07 20:05:19,754 [INFO] 	         (24, 128.01493235889353),
2026-01-07 20:05:19,754 [INFO] 	         (25, 128.4094950312204),
2026-01-07 20:05:19,754 [INFO] 	         (26, 129.5368085998912),
2026-01-07 20:05:19,754 [INFO] 	         (27, 128.0840233458628),
2026-01-07 20:05:19,754 [INFO] 	         (28, 126.30605028279801),
2026-01-07 20:05:19,754 [INFO] 	         (29, 128.07034923511495),
2026-01-07 20:05:19,754 [INFO] 	         (30, 125.1560669201883)],
2026-01-07 20:05:19,754 [INFO] 	 'rmse': [(1, 15.546873902401687),
2026-01-07 20:05:19,754 [INFO] 	          (2, 12.931485248869585),
2026-01-07 20:05:19,754 [INFO] 	          (3, 12.42825045386129),
2026-01-07 20:05:19,754 [INFO] 	          (4, 12.140028572515993),
2026-01-07 20:05:19,754 [INFO] 	          (5, 11.902531193801789),
2026-01-07 20:05:19,754 [INFO] 	          (6, 11.889664433162691),
2026-01-07 20:05:19,754 [INFO] 	          (7, 11.759533942557331),
2026-01-07 20:05:19,754 [INFO] 	          (8, 11.882179499230626),
2026-01-07 20:05:19,754 [INFO] 	          (9, 11.775024491471614),
2026-01-07 20:05:19,754 [INFO] 	          (10, 11.717041112401654),
2026-01-07 20:05:19,754 [INFO] 	          (11, 11.526151129228541),
2026-01-07 20:05:19,754 [INFO] 	          (12, 11.608866046238838),
2026-01-07 20:05:19,754 [INFO] 	          (13, 11.818070274824853),
2026-01-07 20:05:19,754 [INFO] 	          (14, 11.689432135430469),
2026-01-07 20:05:19,754 [INFO] 	          (15, 11.664997786083397),
2026-01-07 20:05:19,755 [INFO] 	          (16, 11.616792776345441),
2026-01-07 20:05:19,755 [INFO] 	          (17, 11.574692460321549),
2026-01-07 20:05:19,755 [INFO] 	          (18, 11.599410370929329),
2026-01-07 20:05:19,755 [INFO] 	          (19, 11.462100937848177),
2026-01-07 20:05:19,755 [INFO] 	          (20, 11.385807837001902),
2026-01-07 20:05:19,755 [INFO] 	          (21, 11.47032560908153),
2026-01-07 20:05:19,755 [INFO] 	          (22, 11.477089621825534),
2026-01-07 20:05:19,755 [INFO] 	          (23, 11.229108091473591),
2026-01-07 20:05:19,755 [INFO] 	          (24, 11.314368403003922),
2026-01-07 20:05:19,755 [INFO] 	          (25, 11.331791342555704),
2026-01-07 20:05:19,755 [INFO] 	          (26, 11.381423838865294),
2026-01-07 20:05:19,755 [INFO] 	          (27, 11.317421232147488),
2026-01-07 20:05:19,755 [INFO] 	          (28, 11.2385964551984),
2026-01-07 20:05:19,755 [INFO] 	          (29, 11.316817098244318),
2026-01-07 20:05:19,755 [INFO] 	          (30, 11.18731723516359)]}
2026-01-07 20:05:19,755 [INFO] 
2026-01-07 20:05:47,082 [INFO] Starting Flower server, config: num_rounds=30, no round_timeout
2026-01-07 20:05:47,094 [INFO] Flower ECE: gRPC server running (30 rounds), SSL is disabled
2026-01-07 20:05:47,095 [INFO] [INIT]
2026-01-07 20:05:47,095 [INFO] Requesting initial parameters from one random client
2026-01-07 20:06:08,171 [INFO] Received initial parameters from one random client
2026-01-07 20:06:08,171 [INFO] Evaluating initial global parameters
2026-01-07 20:06:08,171 [INFO] 
2026-01-07 20:06:08,171 [INFO] [ROUND 1]
2026-01-07 20:06:10,125 [INFO] configure_fit: strategy sampled 20 clients (out of 20)
2026-01-07 20:06:15,137 [INFO] aggregate_fit: received 20 results and 0 failures
2026-01-07 20:06:15,147 [WARNING] No fit_metrics_aggregation_fn provided
2026-01-07 20:06:15,147 [INFO] configure_evaluate: strategy sampled 28 clients (out of 28)
2026-01-07 20:06:15,411 [INFO] aggregate_evaluate: received 28 results and 0 failures
2026-01-07 20:06:15,412 [INFO] Round aggregated metrics -> mse: 213.8248  rmse: 14.6227  mae: 7.2321
2026-01-07 20:06:15,412 [INFO] 
2026-01-07 20:06:15,412 [INFO] [ROUND 2]
2026-01-07 20:06:15,412 [INFO] configure_fit: strategy sampled 28 clients (out of 28)
2026-01-07 20:06:20,457 [INFO] aggregate_fit: received 28 results and 0 failures
2026-01-07 20:06:20,469 [INFO] configure_evaluate: strategy sampled 28 clients (out of 28)
2026-01-07 20:06:20,693 [INFO] aggregate_evaluate: received 28 results and 0 failures
2026-01-07 20:06:20,693 [INFO] Round aggregated metrics -> mse: 156.0217  rmse: 12.4909  mae: 5.3809
2026-01-07 20:06:20,693 [INFO] 
2026-01-07 20:06:20,694 [INFO] [ROUND 3]
2026-01-07 20:06:20,694 [INFO] configure_fit: strategy sampled 28 clients (out of 28)
2026-01-07 20:06:25,478 [INFO] aggregate_fit: received 28 results and 0 failures
2026-01-07 20:06:25,492 [INFO] configure_evaluate: strategy sampled 28 clients (out of 28)
2026-01-07 20:06:25,714 [INFO] aggregate_evaluate: received 28 results and 0 failures
2026-01-07 20:06:25,714 [INFO] Round aggregated metrics -> mse: 147.6821  rmse: 12.1525  mae: 5.0915
2026-01-07 20:06:25,715 [INFO] 
2026-01-07 20:06:25,715 [INFO] [ROUND 4]
2026-01-07 20:06:25,715 [INFO] configure_fit: strategy sampled 28 clients (out of 28)
2026-01-07 20:06:30,506 [INFO] aggregate_fit: received 28 results and 0 failures
2026-01-07 20:06:30,520 [INFO] configure_evaluate: strategy sampled 28 clients (out of 28)
2026-01-07 20:06:30,741 [INFO] aggregate_evaluate: received 28 results and 0 failures
2026-01-07 20:06:30,742 [INFO] Round aggregated metrics -> mse: 141.5074  rmse: 11.8957  mae: 4.8939
2026-01-07 20:06:30,742 [INFO] 
2026-01-07 20:06:30,742 [INFO] [ROUND 5]
2026-01-07 20:06:30,743 [INFO] configure_fit: strategy sampled 28 clients (out of 28)
2026-01-07 20:06:35,531 [INFO] aggregate_fit: received 28 results and 0 failures
2026-01-07 20:06:35,543 [INFO] configure_evaluate: strategy sampled 28 clients (out of 28)
2026-01-07 20:06:35,764 [INFO] aggregate_evaluate: received 28 results and 0 failures
2026-01-07 20:06:35,764 [INFO] Round aggregated metrics -> mse: 136.9690  rmse: 11.7034  mae: 4.7593
2026-01-07 20:06:35,765 [INFO] 
2026-01-07 20:06:35,765 [INFO] [ROUND 6]
2026-01-07 20:06:35,765 [INFO] configure_fit: strategy sampled 28 clients (out of 28)
2026-01-07 20:06:40,574 [INFO] aggregate_fit: received 28 results and 0 failures
2026-01-07 20:06:40,586 [INFO] configure_evaluate: strategy sampled 28 clients (out of 28)
2026-01-07 20:06:40,811 [INFO] aggregate_evaluate: received 28 results and 0 failures
2026-01-07 20:06:40,811 [INFO] Round aggregated metrics -> mse: 136.1315  rmse: 11.6675  mae: 4.7797
2026-01-07 20:06:40,811 [INFO] 
2026-01-07 20:06:40,811 [INFO] [ROUND 7]
2026-01-07 20:06:40,812 [INFO] configure_fit: strategy sampled 28 clients (out of 28)
2026-01-07 20:06:45,628 [INFO] aggregate_fit: received 28 results and 0 failures
2026-01-07 20:06:45,656 [INFO] configure_evaluate: strategy sampled 28 clients (out of 28)
2026-01-07 20:06:45,879 [INFO] aggregate_evaluate: received 28 results and 0 failures
2026-01-07 20:06:45,879 [INFO] Round aggregated metrics -> mse: 132.2336  rmse: 11.4993  mae: 4.6182
2026-01-07 20:06:45,879 [INFO] 
2026-01-07 20:06:45,880 [INFO] [ROUND 8]
2026-01-07 20:06:45,880 [INFO] configure_fit: strategy sampled 28 clients (out of 28)
2026-01-07 20:06:50,696 [INFO] aggregate_fit: received 28 results and 0 failures
2026-01-07 20:06:50,707 [INFO] configure_evaluate: strategy sampled 28 clients (out of 28)
2026-01-07 20:06:50,930 [INFO] aggregate_evaluate: received 28 results and 0 failures
2026-01-07 20:06:50,930 [INFO] Round aggregated metrics -> mse: 135.7759  rmse: 11.6523  mae: 4.8238
2026-01-07 20:06:50,930 [INFO] 
2026-01-07 20:06:50,931 [INFO] [ROUND 9]
2026-01-07 20:06:50,931 [INFO] configure_fit: strategy sampled 28 clients (out of 28)
2026-01-07 20:06:55,753 [INFO] aggregate_fit: received 28 results and 0 failures
2026-01-07 20:06:55,765 [INFO] configure_evaluate: strategy sampled 28 clients (out of 28)
2026-01-07 20:06:55,989 [INFO] aggregate_evaluate: received 28 results and 0 failures
2026-01-07 20:06:55,990 [INFO] Round aggregated metrics -> mse: 131.9128  rmse: 11.4853  mae: 4.7217
2026-01-07 20:06:55,990 [INFO] 
2026-01-07 20:06:55,990 [INFO] [ROUND 10]
2026-01-07 20:06:55,990 [INFO] configure_fit: strategy sampled 28 clients (out of 28)
2026-01-07 20:07:00,821 [INFO] aggregate_fit: received 28 results and 0 failures
2026-01-07 20:07:00,833 [INFO] configure_evaluate: strategy sampled 28 clients (out of 28)
2026-01-07 20:07:01,060 [INFO] aggregate_evaluate: received 28 results and 0 failures
2026-01-07 20:07:01,061 [INFO] Round aggregated metrics -> mse: 130.4732  rmse: 11.4225  mae: 4.7131
2026-01-07 20:07:01,061 [INFO] 
2026-01-07 20:07:01,061 [INFO] [ROUND 11]
2026-01-07 20:07:01,061 [INFO] configure_fit: strategy sampled 28 clients (out of 28)
2026-01-07 20:07:05,888 [INFO] aggregate_fit: received 28 results and 0 failures
2026-01-07 20:07:05,901 [INFO] configure_evaluate: strategy sampled 28 clients (out of 28)
2026-01-07 20:07:06,124 [INFO] aggregate_evaluate: received 28 results and 0 failures
2026-01-07 20:07:06,125 [INFO] Round aggregated metrics -> mse: 128.5190  rmse: 11.3366  mae: 4.6546
2026-01-07 20:07:06,125 [INFO] 
2026-01-07 20:07:06,125 [INFO] [ROUND 12]
2026-01-07 20:07:06,125 [INFO] configure_fit: strategy sampled 28 clients (out of 28)
2026-01-07 20:07:10,952 [INFO] aggregate_fit: received 28 results and 0 failures
2026-01-07 20:07:10,964 [INFO] configure_evaluate: strategy sampled 28 clients (out of 28)
2026-01-07 20:07:11,190 [INFO] aggregate_evaluate: received 28 results and 0 failures
2026-01-07 20:07:11,190 [INFO] Round aggregated metrics -> mse: 131.1867  rmse: 11.4537  mae: 4.8547
2026-01-07 20:07:11,190 [INFO] 
2026-01-07 20:07:11,190 [INFO] [ROUND 13]
2026-01-07 20:07:11,190 [INFO] configure_fit: strategy sampled 28 clients (out of 28)
2026-01-07 20:07:16,016 [INFO] aggregate_fit: received 28 results and 0 failures
2026-01-07 20:07:16,028 [INFO] configure_evaluate: strategy sampled 28 clients (out of 28)
2026-01-07 20:07:16,255 [INFO] aggregate_evaluate: received 28 results and 0 failures
2026-01-07 20:07:16,255 [INFO] Round aggregated metrics -> mse: 126.2043  rmse: 11.2341  mae: 4.6381
2026-01-07 20:07:16,255 [INFO] 
2026-01-07 20:07:16,255 [INFO] [ROUND 14]
2026-01-07 20:07:16,255 [INFO] configure_fit: strategy sampled 28 clients (out of 28)
2026-01-07 20:07:21,123 [INFO] aggregate_fit: received 28 results and 0 failures
2026-01-07 20:07:21,134 [INFO] configure_evaluate: strategy sampled 28 clients (out of 28)
2026-01-07 20:07:21,360 [INFO] aggregate_evaluate: received 28 results and 0 failures
2026-01-07 20:07:21,360 [INFO] Round aggregated metrics -> mse: 125.4992  rmse: 11.2026  mae: 4.6329
2026-01-07 20:07:21,361 [INFO] 
2026-01-07 20:07:21,361 [INFO] [ROUND 15]
2026-01-07 20:07:21,361 [INFO] configure_fit: strategy sampled 28 clients (out of 28)
2026-01-07 20:07:26,210 [INFO] aggregate_fit: received 28 results and 0 failures
2026-01-07 20:07:26,226 [INFO] configure_evaluate: strategy sampled 28 clients (out of 28)
2026-01-07 20:07:26,453 [INFO] aggregate_evaluate: received 28 results and 0 failures
2026-01-07 20:07:26,453 [INFO] Round aggregated metrics -> mse: 132.1291  rmse: 11.4947  mae: 4.9781
2026-01-07 20:07:26,454 [INFO] 
2026-01-07 20:07:26,454 [INFO] [ROUND 16]
2026-01-07 20:07:26,454 [INFO] configure_fit: strategy sampled 28 clients (out of 28)
2026-01-07 20:07:31,313 [INFO] aggregate_fit: received 28 results and 0 failures
2026-01-07 20:07:31,325 [INFO] configure_evaluate: strategy sampled 28 clients (out of 28)
2026-01-07 20:07:31,550 [INFO] aggregate_evaluate: received 28 results and 0 failures
2026-01-07 20:07:31,550 [INFO] Round aggregated metrics -> mse: 133.0964  rmse: 11.5367  mae: 5.0452
2026-01-07 20:07:31,550 [INFO] 
2026-01-07 20:07:31,551 [INFO] [ROUND 17]
2026-01-07 20:07:31,551 [INFO] configure_fit: strategy sampled 28 clients (out of 28)
2026-01-07 20:07:36,412 [INFO] aggregate_fit: received 28 results and 0 failures
2026-01-07 20:07:36,425 [INFO] configure_evaluate: strategy sampled 28 clients (out of 28)
2026-01-07 20:07:36,652 [INFO] aggregate_evaluate: received 28 results and 0 failures
2026-01-07 20:07:36,652 [INFO] Round aggregated metrics -> mse: 128.6939  rmse: 11.3443  mae: 4.8691
2026-01-07 20:07:36,652 [INFO] 
2026-01-07 20:07:36,652 [INFO] [ROUND 18]
2026-01-07 20:07:36,652 [INFO] configure_fit: strategy sampled 28 clients (out of 28)
2026-01-07 20:07:41,510 [INFO] aggregate_fit: received 28 results and 0 failures
2026-01-07 20:07:41,523 [INFO] configure_evaluate: strategy sampled 28 clients (out of 28)
2026-01-07 20:07:41,750 [INFO] aggregate_evaluate: received 28 results and 0 failures
2026-01-07 20:07:41,750 [INFO] Round aggregated metrics -> mse: 131.8956  rmse: 11.4846  mae: 5.0135
2026-01-07 20:07:41,750 [INFO] 
2026-01-07 20:07:41,750 [INFO] [ROUND 19]
2026-01-07 20:07:41,750 [INFO] configure_fit: strategy sampled 28 clients (out of 28)
2026-01-07 20:07:46,613 [INFO] aggregate_fit: received 28 results and 0 failures
2026-01-07 20:07:46,625 [INFO] configure_evaluate: strategy sampled 28 clients (out of 28)
2026-01-07 20:07:46,852 [INFO] aggregate_evaluate: received 28 results and 0 failures
2026-01-07 20:07:46,852 [INFO] Round aggregated metrics -> mse: 129.5928  rmse: 11.3839  mae: 4.9593
2026-01-07 20:07:46,852 [INFO] 
2026-01-07 20:07:46,852 [INFO] [ROUND 20]
2026-01-07 20:07:46,853 [INFO] configure_fit: strategy sampled 28 clients (out of 28)
2026-01-07 20:07:51,700 [INFO] aggregate_fit: received 28 results and 0 failures
2026-01-07 20:07:51,712 [INFO] configure_evaluate: strategy sampled 28 clients (out of 28)
2026-01-07 20:07:51,940 [INFO] aggregate_evaluate: received 28 results and 0 failures
2026-01-07 20:07:51,940 [INFO] Round aggregated metrics -> mse: 131.0756  rmse: 11.4488  mae: 5.0007
2026-01-07 20:07:51,940 [INFO] 
2026-01-07 20:07:51,940 [INFO] [ROUND 21]
2026-01-07 20:07:51,940 [INFO] configure_fit: strategy sampled 28 clients (out of 28)
2026-01-07 20:07:56,810 [INFO] aggregate_fit: received 28 results and 0 failures
2026-01-07 20:07:56,822 [INFO] configure_evaluate: strategy sampled 28 clients (out of 28)
2026-01-07 20:07:57,046 [INFO] aggregate_evaluate: received 28 results and 0 failures
2026-01-07 20:07:57,047 [INFO] Round aggregated metrics -> mse: 132.9660  rmse: 11.5311  mae: 5.0996
2026-01-07 20:07:57,047 [INFO] 
2026-01-07 20:07:57,047 [INFO] [ROUND 22]
2026-01-07 20:07:57,047 [INFO] configure_fit: strategy sampled 28 clients (out of 28)
2026-01-07 20:08:01,911 [INFO] aggregate_fit: received 28 results and 0 failures
2026-01-07 20:08:01,922 [INFO] configure_evaluate: strategy sampled 28 clients (out of 28)
2026-01-07 20:08:02,148 [INFO] aggregate_evaluate: received 28 results and 0 failures
2026-01-07 20:08:02,148 [INFO] Round aggregated metrics -> mse: 133.2340  rmse: 11.5427  mae: 5.1014
2026-01-07 20:08:02,148 [INFO] 
2026-01-07 20:08:02,148 [INFO] [ROUND 23]
2026-01-07 20:08:02,148 [INFO] configure_fit: strategy sampled 28 clients (out of 28)
2026-01-07 20:08:07,010 [INFO] aggregate_fit: received 28 results and 0 failures
2026-01-07 20:08:07,026 [INFO] configure_evaluate: strategy sampled 28 clients (out of 28)
2026-01-07 20:08:07,255 [INFO] aggregate_evaluate: received 28 results and 0 failures
2026-01-07 20:08:07,256 [INFO] Round aggregated metrics -> mse: 136.8905  rmse: 11.7000  mae: 5.2643
2026-01-07 20:08:07,256 [INFO] 
2026-01-07 20:08:07,256 [INFO] [ROUND 24]
2026-01-07 20:08:07,256 [INFO] configure_fit: strategy sampled 28 clients (out of 28)
2026-01-07 20:08:12,134 [INFO] aggregate_fit: received 28 results and 0 failures
2026-01-07 20:08:12,146 [INFO] configure_evaluate: strategy sampled 28 clients (out of 28)
2026-01-07 20:08:12,370 [INFO] aggregate_evaluate: received 28 results and 0 failures
2026-01-07 20:08:12,370 [INFO] Round aggregated metrics -> mse: 140.5352  rmse: 11.8548  mae: 5.4155
2026-01-07 20:08:12,370 [INFO] 
2026-01-07 20:08:12,370 [INFO] [ROUND 25]
2026-01-07 20:08:12,370 [INFO] configure_fit: strategy sampled 28 clients (out of 28)
2026-01-07 20:08:17,247 [INFO] aggregate_fit: received 28 results and 0 failures
2026-01-07 20:08:17,261 [INFO] configure_evaluate: strategy sampled 28 clients (out of 28)
2026-01-07 20:08:17,488 [INFO] aggregate_evaluate: received 28 results and 0 failures
2026-01-07 20:08:17,489 [INFO] Round aggregated metrics -> mse: 129.4509  rmse: 11.3777  mae: 4.9972
2026-01-07 20:08:17,489 [INFO] 
2026-01-07 20:08:17,489 [INFO] [ROUND 26]
2026-01-07 20:08:17,489 [INFO] configure_fit: strategy sampled 28 clients (out of 28)
2026-01-07 20:08:22,353 [INFO] aggregate_fit: received 28 results and 0 failures
2026-01-07 20:08:22,368 [INFO] configure_evaluate: strategy sampled 28 clients (out of 28)
2026-01-07 20:08:22,593 [INFO] aggregate_evaluate: received 28 results and 0 failures
2026-01-07 20:08:22,594 [INFO] Round aggregated metrics -> mse: 135.7422  rmse: 11.6508  mae: 5.2651
2026-01-07 20:08:22,594 [INFO] 
2026-01-07 20:08:22,594 [INFO] [ROUND 27]
2026-01-07 20:08:22,594 [INFO] configure_fit: strategy sampled 28 clients (out of 28)
2026-01-07 20:08:27,454 [INFO] aggregate_fit: received 28 results and 0 failures
2026-01-07 20:08:27,466 [INFO] configure_evaluate: strategy sampled 28 clients (out of 28)
2026-01-07 20:08:27,691 [INFO] aggregate_evaluate: received 28 results and 0 failures
2026-01-07 20:08:27,691 [INFO] Round aggregated metrics -> mse: 134.2250  rmse: 11.5856  mae: 5.2122
2026-01-07 20:08:27,691 [INFO] 
2026-01-07 20:08:27,691 [INFO] [ROUND 28]
2026-01-07 20:08:27,692 [INFO] configure_fit: strategy sampled 28 clients (out of 28)
2026-01-07 20:08:32,561 [INFO] aggregate_fit: received 28 results and 0 failures
2026-01-07 20:08:32,573 [INFO] configure_evaluate: strategy sampled 28 clients (out of 28)
2026-01-07 20:08:32,799 [INFO] aggregate_evaluate: received 28 results and 0 failures
2026-01-07 20:08:32,799 [INFO] Round aggregated metrics -> mse: 138.3969  rmse: 11.7642  mae: 5.4142
2026-01-07 20:08:32,800 [INFO] 
2026-01-07 20:08:32,800 [INFO] [ROUND 29]
2026-01-07 20:08:32,800 [INFO] configure_fit: strategy sampled 28 clients (out of 28)
2026-01-07 20:08:37,662 [INFO] aggregate_fit: received 28 results and 0 failures
2026-01-07 20:08:37,673 [INFO] configure_evaluate: strategy sampled 28 clients (out of 28)
2026-01-07 20:08:37,899 [INFO] aggregate_evaluate: received 28 results and 0 failures
2026-01-07 20:08:37,900 [INFO] Round aggregated metrics -> mse: 139.6112  rmse: 11.8157  mae: 5.4549
2026-01-07 20:08:37,900 [INFO] 
2026-01-07 20:08:37,900 [INFO] [ROUND 30]
2026-01-07 20:08:37,900 [INFO] configure_fit: strategy sampled 28 clients (out of 28)
2026-01-07 20:08:42,753 [INFO] aggregate_fit: received 28 results and 0 failures
2026-01-07 20:08:42,765 [INFO] configure_evaluate: strategy sampled 28 clients (out of 28)
2026-01-07 20:08:42,994 [INFO] aggregate_evaluate: received 28 results and 0 failures
2026-01-07 20:08:42,994 [INFO] Round aggregated metrics -> mse: 141.4496  rmse: 11.8933  mae: 5.5112
2026-01-07 20:08:42,994 [INFO] 
2026-01-07 20:08:42,995 [INFO] [SUMMARY]
2026-01-07 20:08:42,995 [INFO] Run finished 30 rounds in 154.82s
2026-01-07 20:08:42,997 [INFO] History (loss, distributed):
2026-01-07 20:08:42,997 [INFO] 	('\tround 1: 213.8248033671615\n'
2026-01-07 20:08:42,997 [INFO] 	 '\tround 2: 156.021674429081\n'
2026-01-07 20:08:42,997 [INFO] 	 '\tround 3: 147.68211843888767\n'
2026-01-07 20:08:42,998 [INFO] 	 '\tround 4: 141.50741733540974\n'
2026-01-07 20:08:42,998 [INFO] 	 '\tround 5: 136.96899072745325\n'
2026-01-07 20:08:42,998 [INFO] 	 '\tround 6: 136.13150071046093\n'
2026-01-07 20:08:42,998 [INFO] 	 '\tround 7: 132.2335832777043\n'
2026-01-07 20:08:42,998 [INFO] 	 '\tround 8: 135.7759187423123\n'
2026-01-07 20:08:42,998 [INFO] 	 '\tround 9: 131.91281925812433\n'
2026-01-07 20:08:42,998 [INFO] 	 '\tround 10: 130.47319399534726\n'
2026-01-07 20:08:42,998 [INFO] 	 '\tround 11: 128.51903424128602\n'
2026-01-07 20:08:42,998 [INFO] 	 '\tround 12: 131.1866719458597\n'
2026-01-07 20:08:42,998 [INFO] 	 '\tround 13: 126.20426708831359\n'
2026-01-07 20:08:42,998 [INFO] 	 '\tround 14: 125.49924396411417\n'
2026-01-07 20:08:42,998 [INFO] 	 '\tround 15: 132.1291001063219\n'
2026-01-07 20:08:42,998 [INFO] 	 '\tround 16: 133.09637368826228\n'
2026-01-07 20:08:42,998 [INFO] 	 '\tround 17: 128.6939310047137\n'
2026-01-07 20:08:42,998 [INFO] 	 '\tround 18: 131.89559362447667\n'
2026-01-07 20:08:42,998 [INFO] 	 '\tround 19: 129.59281053672024\n'
2026-01-07 20:08:42,998 [INFO] 	 '\tround 20: 131.0755597307363\n'
2026-01-07 20:08:42,998 [INFO] 	 '\tround 21: 132.96597041054454\n'
2026-01-07 20:08:42,998 [INFO] 	 '\tround 22: 133.2339814636928\n'
2026-01-07 20:08:42,998 [INFO] 	 '\tround 23: 136.8905022657868\n'
2026-01-07 20:08:42,998 [INFO] 	 '\tround 24: 140.5351825823596\n'
2026-01-07 20:08:42,998 [INFO] 	 '\tround 25: 129.45092004007643\n'
2026-01-07 20:08:42,998 [INFO] 	 '\tround 26: 135.74217252874462\n'
2026-01-07 20:08:42,999 [INFO] 	 '\tround 27: 134.2250093548643\n'
2026-01-07 20:08:42,999 [INFO] 	 '\tround 28: 138.39688595509332\n'
2026-01-07 20:08:42,999 [INFO] 	 '\tround 29: 139.61116803998144\n'
2026-01-07 20:08:42,999 [INFO] 	 '\tround 30: 141.44962976734973\n')History (metrics, distributed, evaluate):
2026-01-07 20:08:42,999 [INFO] 	{'mae': [(1, 7.232061179240399),
2026-01-07 20:08:42,999 [INFO] 	         (2, 5.3809395506363416),
2026-01-07 20:08:42,999 [INFO] 	         (3, 5.09148332382374),
2026-01-07 20:08:42,999 [INFO] 	         (4, 4.893921900298156),
2026-01-07 20:08:42,999 [INFO] 	         (5, 4.759344336502493),
2026-01-07 20:08:42,999 [INFO] 	         (6, 4.779663326951148),
2026-01-07 20:08:42,999 [INFO] 	         (7, 4.618232427361249),
2026-01-07 20:08:42,999 [INFO] 	         (8, 4.823805443553287),
2026-01-07 20:08:42,999 [INFO] 	         (9, 4.721720595735677),
2026-01-07 20:08:42,999 [INFO] 	         (10, 4.713120260170903),
2026-01-07 20:08:42,999 [INFO] 	         (11, 4.654560668685915),
2026-01-07 20:08:42,999 [INFO] 	         (12, 4.854705459693503),
2026-01-07 20:08:42,999 [INFO] 	         (13, 4.6381213132336425),
2026-01-07 20:08:42,999 [INFO] 	         (14, 4.632934067060268),
2026-01-07 20:08:42,999 [INFO] 	         (15, 4.978053762429794),
2026-01-07 20:08:42,999 [INFO] 	         (16, 5.045176938900043),
2026-01-07 20:08:42,999 [INFO] 	         (17, 4.869144273749412),
2026-01-07 20:08:42,999 [INFO] 	         (18, 5.013498598779701),
2026-01-07 20:08:42,999 [INFO] 	         (19, 4.959349458885237),
2026-01-07 20:08:43,000 [INFO] 	         (20, 5.000716228205386),
2026-01-07 20:08:43,000 [INFO] 	         (21, 5.09961293155616),
2026-01-07 20:08:43,000 [INFO] 	         (22, 5.101423800100874),
2026-01-07 20:08:43,000 [INFO] 	         (23, 5.2642888366684355),
2026-01-07 20:08:43,000 [INFO] 	         (24, 5.415507171893753),
2026-01-07 20:08:43,000 [INFO] 	         (25, 4.99723813459482),
2026-01-07 20:08:43,000 [INFO] 	         (26, 5.265145891418597),
2026-01-07 20:08:43,000 [INFO] 	         (27, 5.212169047919684),
2026-01-07 20:08:43,000 [INFO] 	         (28, 5.4141972927627595),
2026-01-07 20:08:43,000 [INFO] 	         (29, 5.454897225203588),
2026-01-07 20:08:43,000 [INFO] 	         (30, 5.511209216498105)],
2026-01-07 20:08:43,000 [INFO] 	 'mse': [(1, 213.82480165680596),
2026-01-07 20:08:43,000 [INFO] 	         (2, 156.0216763607823),
2026-01-07 20:08:43,000 [INFO] 	         (3, 147.68211789145096),
2026-01-07 20:08:43,000 [INFO] 	         (4, 141.50741578075832),
2026-01-07 20:08:43,000 [INFO] 	         (5, 136.96898866026285),
2026-01-07 20:08:43,000 [INFO] 	         (6, 136.13150096882399),
2026-01-07 20:08:43,000 [INFO] 	         (7, 132.23358490114978),
2026-01-07 20:08:43,000 [INFO] 	         (8, 135.77592163792906),
2026-01-07 20:08:43,000 [INFO] 	         (9, 131.9128220099367),
2026-01-07 20:08:43,000 [INFO] 	         (10, 130.47319592959244),
2026-01-07 20:08:43,000 [INFO] 	         (11, 128.51903296578385),
2026-01-07 20:08:43,000 [INFO] 	         (12, 131.1866732048465),
2026-01-07 20:08:43,001 [INFO] 	         (13, 126.20426492110461),
2026-01-07 20:08:43,001 [INFO] 	         (14, 125.49924426106779),
2026-01-07 20:08:43,001 [INFO] 	         (15, 132.12910079016964),
2026-01-07 20:08:43,001 [INFO] 	         (16, 133.09637446856036),
2026-01-07 20:08:43,001 [INFO] 	         (17, 128.69393053563314),
2026-01-07 20:08:43,001 [INFO] 	         (18, 131.89559245116047),
2026-01-07 20:08:43,001 [INFO] 	         (19, 129.59281285712538),
2026-01-07 20:08:43,001 [INFO] 	         (20, 131.07556126077466),
2026-01-07 20:08:43,001 [INFO] 	         (21, 132.96596946872046),
2026-01-07 20:08:43,001 [INFO] 	         (22, 133.23398107022652),
2026-01-07 20:08:43,001 [INFO] 	         (23, 136.8905029557432),
2026-01-07 20:08:43,001 [INFO] 	         (24, 140.53518397100424),
2026-01-07 20:08:43,001 [INFO] 	         (25, 129.4509217809744),
2026-01-07 20:08:43,001 [INFO] 	         (26, 135.74217148049453),
2026-01-07 20:08:43,001 [INFO] 	         (27, 134.22500885413885),
2026-01-07 20:08:43,001 [INFO] 	         (28, 138.39688549843623),
2026-01-07 20:08:43,001 [INFO] 	         (29, 139.61116727314698),
2026-01-07 20:08:43,001 [INFO] 	         (30, 141.44963009530204)],
2026-01-07 20:08:43,001 [INFO] 	 'rmse': [(1, 14.622749456131906),
2026-01-07 20:08:43,001 [INFO] 	          (2, 12.49086371556356),
2026-01-07 20:08:43,001 [INFO] 	          (3, 12.152453163516038),
2026-01-07 20:08:43,001 [INFO] 	          (4, 11.895688957801406),
2026-01-07 20:08:43,001 [INFO] 	          (5, 11.7033750969651),
2026-01-07 20:08:43,001 [INFO] 	          (6, 11.66754048498757),
2026-01-07 20:08:43,002 [INFO] 	          (7, 11.499286277902199),
2026-01-07 20:08:43,002 [INFO] 	          (8, 11.652292548590129),
2026-01-07 20:08:43,002 [INFO] 	          (9, 11.485330731412862),
2026-01-07 20:08:43,002 [INFO] 	          (10, 11.422486416257733),
2026-01-07 20:08:43,002 [INFO] 	          (11, 11.336623525802727),
2026-01-07 20:08:43,002 [INFO] 	          (12, 11.453675096005059),
2026-01-07 20:08:43,002 [INFO] 	          (13, 11.234067158474023),
2026-01-07 20:08:43,002 [INFO] 	          (14, 11.20264452087398),
2026-01-07 20:08:43,002 [INFO] 	          (15, 11.494742310733619),
2026-01-07 20:08:43,002 [INFO] 	          (16, 11.53674020113829),
2026-01-07 20:08:43,002 [INFO] 	          (17, 11.344334733056547),
2026-01-07 20:08:43,002 [INFO] 	          (18, 11.484580638889714),
2026-01-07 20:08:43,002 [INFO] 	          (19, 11.383883909155319),
2026-01-07 20:08:43,002 [INFO] 	          (20, 11.448823575406106),
2026-01-07 20:08:43,002 [INFO] 	          (21, 11.53108708963385),
2026-01-07 20:08:43,002 [INFO] 	          (22, 11.54270250289015),
2026-01-07 20:08:43,002 [INFO] 	          (23, 11.700021493815436),
2026-01-07 20:08:43,002 [INFO] 	          (24, 11.854753644467026),
2026-01-07 20:08:43,002 [INFO] 	          (25, 11.377650099250477),
2026-01-07 20:08:43,002 [INFO] 	          (26, 11.650844238959447),
2026-01-07 20:08:43,002 [INFO] 	          (27, 11.58555172851681),
2026-01-07 20:08:43,002 [INFO] 	          (28, 11.764220564849854),
2026-01-07 20:08:43,002 [INFO] 	          (29, 11.815716959759445),
2026-01-07 20:08:43,003 [INFO] 	          (30, 11.893259859908135)]}
2026-01-07 20:08:43,003 [INFO] 
2026-01-07 20:13:55,462 [INFO] Starting Flower server, config: num_rounds=30, no round_timeout
2026-01-07 20:13:55,474 [INFO] Flower ECE: gRPC server running (30 rounds), SSL is disabled
2026-01-07 20:13:55,474 [INFO] [INIT]
2026-01-07 20:13:55,474 [INFO] Requesting initial parameters from one random client
2026-01-07 20:14:05,931 [INFO] Received initial parameters from one random client
2026-01-07 20:14:05,932 [INFO] Evaluating initial global parameters
2026-01-07 20:14:05,932 [INFO] 
2026-01-07 20:14:05,932 [INFO] [ROUND 1]
2026-01-07 20:14:07,602 [INFO] configure_fit: strategy sampled 20 clients (out of 20)
2026-01-07 20:14:10,299 [INFO] aggregate_fit: received 20 results and 0 failures
2026-01-07 20:14:10,312 [WARNING] No fit_metrics_aggregation_fn provided
2026-01-07 20:14:10,312 [INFO] configure_evaluate: strategy sampled 28 clients (out of 28)
2026-01-07 20:14:10,570 [INFO] aggregate_evaluate: received 28 results and 0 failures
2026-01-07 20:14:10,570 [INFO] Round aggregated metrics -> mse: 207.5335  rmse: 14.4060  mae: 7.0526
2026-01-07 20:14:10,571 [INFO] 
2026-01-07 20:14:10,571 [INFO] [ROUND 2]
2026-01-07 20:14:10,571 [INFO] configure_fit: strategy sampled 28 clients (out of 28)
2026-01-07 20:14:12,801 [INFO] aggregate_fit: received 28 results and 0 failures
2026-01-07 20:14:12,813 [INFO] configure_evaluate: strategy sampled 28 clients (out of 28)
2026-01-07 20:14:13,037 [INFO] aggregate_evaluate: received 28 results and 0 failures
2026-01-07 20:14:13,037 [INFO] Round aggregated metrics -> mse: 167.2410  rmse: 12.9322  mae: 5.7660
2026-01-07 20:14:13,037 [INFO] 
2026-01-07 20:14:13,037 [INFO] [ROUND 3]
2026-01-07 20:14:13,037 [INFO] configure_fit: strategy sampled 28 clients (out of 28)
2026-01-07 20:14:14,967 [INFO] aggregate_fit: received 28 results and 0 failures
2026-01-07 20:14:14,978 [INFO] configure_evaluate: strategy sampled 28 clients (out of 28)
2026-01-07 20:14:15,201 [INFO] aggregate_evaluate: received 28 results and 0 failures
2026-01-07 20:14:15,202 [INFO] Round aggregated metrics -> mse: 149.1616  rmse: 12.2132  mae: 5.0854
2026-01-07 20:14:15,202 [INFO] 
2026-01-07 20:14:15,202 [INFO] [ROUND 4]
2026-01-07 20:14:15,202 [INFO] configure_fit: strategy sampled 28 clients (out of 28)
2026-01-07 20:14:17,126 [INFO] aggregate_fit: received 28 results and 0 failures
2026-01-07 20:14:17,137 [INFO] configure_evaluate: strategy sampled 28 clients (out of 28)
2026-01-07 20:14:17,362 [INFO] aggregate_evaluate: received 28 results and 0 failures
2026-01-07 20:14:17,362 [INFO] Round aggregated metrics -> mse: 149.7065  rmse: 12.2355  mae: 5.1410
2026-01-07 20:14:17,362 [INFO] 
2026-01-07 20:14:17,362 [INFO] [ROUND 5]
2026-01-07 20:14:17,362 [INFO] configure_fit: strategy sampled 28 clients (out of 28)
2026-01-07 20:14:19,294 [INFO] aggregate_fit: received 28 results and 0 failures
2026-01-07 20:14:19,306 [INFO] configure_evaluate: strategy sampled 28 clients (out of 28)
2026-01-07 20:14:19,532 [INFO] aggregate_evaluate: received 28 results and 0 failures
2026-01-07 20:14:19,532 [INFO] Round aggregated metrics -> mse: 140.7154  rmse: 11.8624  mae: 4.8259
2026-01-07 20:14:19,532 [INFO] 
2026-01-07 20:14:19,532 [INFO] [ROUND 6]
2026-01-07 20:14:19,533 [INFO] configure_fit: strategy sampled 28 clients (out of 28)
2026-01-07 20:14:21,455 [INFO] aggregate_fit: received 28 results and 0 failures
2026-01-07 20:14:21,465 [INFO] configure_evaluate: strategy sampled 28 clients (out of 28)
2026-01-07 20:14:21,687 [INFO] aggregate_evaluate: received 28 results and 0 failures
2026-01-07 20:14:21,688 [INFO] Round aggregated metrics -> mse: 136.2206  rmse: 11.6714  mae: 4.6052
2026-01-07 20:14:21,688 [INFO] 
2026-01-07 20:14:21,688 [INFO] [ROUND 7]
2026-01-07 20:14:21,688 [INFO] configure_fit: strategy sampled 28 clients (out of 28)
2026-01-07 20:14:23,596 [INFO] aggregate_fit: received 28 results and 0 failures
2026-01-07 20:14:23,624 [INFO] configure_evaluate: strategy sampled 28 clients (out of 28)
2026-01-07 20:14:23,848 [INFO] aggregate_evaluate: received 28 results and 0 failures
2026-01-07 20:14:23,848 [INFO] Round aggregated metrics -> mse: 139.8458  rmse: 11.8256  mae: 4.8235
2026-01-07 20:14:23,848 [INFO] 
2026-01-07 20:14:23,848 [INFO] [ROUND 8]
2026-01-07 20:14:23,848 [INFO] configure_fit: strategy sampled 28 clients (out of 28)
2026-01-07 20:14:25,771 [INFO] aggregate_fit: received 28 results and 0 failures
2026-01-07 20:14:25,780 [INFO] configure_evaluate: strategy sampled 28 clients (out of 28)
2026-01-07 20:14:26,003 [INFO] aggregate_evaluate: received 28 results and 0 failures
2026-01-07 20:14:26,004 [INFO] Round aggregated metrics -> mse: 142.1937  rmse: 11.9245  mae: 4.9809
2026-01-07 20:14:26,004 [INFO] 
2026-01-07 20:14:26,004 [INFO] [ROUND 9]
2026-01-07 20:14:26,004 [INFO] configure_fit: strategy sampled 28 clients (out of 28)
2026-01-07 20:14:27,918 [INFO] aggregate_fit: received 28 results and 0 failures
2026-01-07 20:14:27,930 [INFO] configure_evaluate: strategy sampled 28 clients (out of 28)
2026-01-07 20:14:28,151 [INFO] aggregate_evaluate: received 28 results and 0 failures
2026-01-07 20:14:28,151 [INFO] Round aggregated metrics -> mse: 137.9311  rmse: 11.7444  mae: 4.7998
2026-01-07 20:14:28,151 [INFO] 
2026-01-07 20:14:28,152 [INFO] [ROUND 10]
2026-01-07 20:14:28,152 [INFO] configure_fit: strategy sampled 28 clients (out of 28)
2026-01-07 20:14:30,083 [INFO] aggregate_fit: received 28 results and 0 failures
2026-01-07 20:14:30,094 [INFO] configure_evaluate: strategy sampled 28 clients (out of 28)
2026-01-07 20:14:30,315 [INFO] aggregate_evaluate: received 28 results and 0 failures
2026-01-07 20:14:30,315 [INFO] Round aggregated metrics -> mse: 137.3669  rmse: 11.7204  mae: 4.8217
2026-01-07 20:14:30,316 [INFO] 
2026-01-07 20:14:30,316 [INFO] [ROUND 11]
2026-01-07 20:14:30,316 [INFO] configure_fit: strategy sampled 28 clients (out of 28)
2026-01-07 20:14:32,241 [INFO] aggregate_fit: received 28 results and 0 failures
2026-01-07 20:14:32,252 [INFO] configure_evaluate: strategy sampled 28 clients (out of 28)
2026-01-07 20:14:32,474 [INFO] aggregate_evaluate: received 28 results and 0 failures
2026-01-07 20:14:32,475 [INFO] Round aggregated metrics -> mse: 133.9989  rmse: 11.5758  mae: 4.6574
2026-01-07 20:14:32,475 [INFO] 
2026-01-07 20:14:32,475 [INFO] [ROUND 12]
2026-01-07 20:14:32,475 [INFO] configure_fit: strategy sampled 28 clients (out of 28)
2026-01-07 20:14:34,389 [INFO] aggregate_fit: received 28 results and 0 failures
2026-01-07 20:14:34,401 [INFO] configure_evaluate: strategy sampled 28 clients (out of 28)
2026-01-07 20:14:34,620 [INFO] aggregate_evaluate: received 28 results and 0 failures
2026-01-07 20:14:34,621 [INFO] Round aggregated metrics -> mse: 134.3509  rmse: 11.5910  mae: 4.6750
2026-01-07 20:14:34,621 [INFO] 
2026-01-07 20:14:34,621 [INFO] [ROUND 13]
2026-01-07 20:14:34,621 [INFO] configure_fit: strategy sampled 28 clients (out of 28)
2026-01-07 20:14:36,538 [INFO] aggregate_fit: received 28 results and 0 failures
2026-01-07 20:14:36,550 [INFO] configure_evaluate: strategy sampled 28 clients (out of 28)
2026-01-07 20:14:36,770 [INFO] aggregate_evaluate: received 28 results and 0 failures
2026-01-07 20:14:36,770 [INFO] Round aggregated metrics -> mse: 138.3070  rmse: 11.7604  mae: 4.8846
2026-01-07 20:14:36,770 [INFO] 
2026-01-07 20:14:36,770 [INFO] [ROUND 14]
2026-01-07 20:14:36,770 [INFO] configure_fit: strategy sampled 28 clients (out of 28)
2026-01-07 20:14:38,700 [INFO] aggregate_fit: received 28 results and 0 failures
2026-01-07 20:14:38,710 [INFO] configure_evaluate: strategy sampled 28 clients (out of 28)
2026-01-07 20:14:38,932 [INFO] aggregate_evaluate: received 28 results and 0 failures
2026-01-07 20:14:38,932 [INFO] Round aggregated metrics -> mse: 134.5976  rmse: 11.6016  mae: 4.7350
2026-01-07 20:14:38,932 [INFO] 
2026-01-07 20:14:38,932 [INFO] [ROUND 15]
2026-01-07 20:14:38,932 [INFO] configure_fit: strategy sampled 28 clients (out of 28)
2026-01-07 20:14:40,850 [INFO] aggregate_fit: received 28 results and 0 failures
2026-01-07 20:14:40,860 [INFO] configure_evaluate: strategy sampled 28 clients (out of 28)
2026-01-07 20:14:41,082 [INFO] aggregate_evaluate: received 28 results and 0 failures
2026-01-07 20:14:41,082 [INFO] Round aggregated metrics -> mse: 134.8474  rmse: 11.6124  mae: 4.7831
2026-01-07 20:14:41,082 [INFO] 
2026-01-07 20:14:41,082 [INFO] [ROUND 16]
2026-01-07 20:14:41,083 [INFO] configure_fit: strategy sampled 28 clients (out of 28)
2026-01-07 20:14:43,017 [INFO] aggregate_fit: received 28 results and 0 failures
2026-01-07 20:14:43,030 [INFO] configure_evaluate: strategy sampled 28 clients (out of 28)
2026-01-07 20:14:43,251 [INFO] aggregate_evaluate: received 28 results and 0 failures
2026-01-07 20:14:43,252 [INFO] Round aggregated metrics -> mse: 135.3716  rmse: 11.6349  mae: 4.8415
2026-01-07 20:14:43,252 [INFO] 
2026-01-07 20:14:43,252 [INFO] [ROUND 17]
2026-01-07 20:14:43,252 [INFO] configure_fit: strategy sampled 28 clients (out of 28)
2026-01-07 20:14:45,169 [INFO] aggregate_fit: received 28 results and 0 failures
2026-01-07 20:14:45,180 [INFO] configure_evaluate: strategy sampled 28 clients (out of 28)
2026-01-07 20:14:45,400 [INFO] aggregate_evaluate: received 28 results and 0 failures
2026-01-07 20:14:45,400 [INFO] Round aggregated metrics -> mse: 133.7180  rmse: 11.5636  mae: 4.7635
2026-01-07 20:14:45,400 [INFO] 
2026-01-07 20:14:45,401 [INFO] [ROUND 18]
2026-01-07 20:14:45,401 [INFO] configure_fit: strategy sampled 28 clients (out of 28)
2026-01-07 20:14:47,320 [INFO] aggregate_fit: received 28 results and 0 failures
2026-01-07 20:14:47,331 [INFO] configure_evaluate: strategy sampled 28 clients (out of 28)
2026-01-07 20:14:47,553 [INFO] aggregate_evaluate: received 28 results and 0 failures
2026-01-07 20:14:47,554 [INFO] Round aggregated metrics -> mse: 131.9429  rmse: 11.4866  mae: 4.7261
2026-01-07 20:14:47,554 [INFO] 
2026-01-07 20:14:47,554 [INFO] [ROUND 19]
2026-01-07 20:14:47,554 [INFO] configure_fit: strategy sampled 28 clients (out of 28)
2026-01-07 20:14:49,476 [INFO] aggregate_fit: received 28 results and 0 failures
2026-01-07 20:14:49,487 [INFO] configure_evaluate: strategy sampled 28 clients (out of 28)
2026-01-07 20:14:49,712 [INFO] aggregate_evaluate: received 28 results and 0 failures
2026-01-07 20:14:49,712 [INFO] Round aggregated metrics -> mse: 133.9516  rmse: 11.5737  mae: 4.8327
2026-01-07 20:14:49,713 [INFO] 
2026-01-07 20:14:49,713 [INFO] [ROUND 20]
2026-01-07 20:14:49,713 [INFO] configure_fit: strategy sampled 28 clients (out of 28)
2026-01-07 20:14:51,635 [INFO] aggregate_fit: received 28 results and 0 failures
2026-01-07 20:14:51,647 [INFO] configure_evaluate: strategy sampled 28 clients (out of 28)
2026-01-07 20:14:51,868 [INFO] aggregate_evaluate: received 28 results and 0 failures
2026-01-07 20:14:51,868 [INFO] Round aggregated metrics -> mse: 128.8501  rmse: 11.3512  mae: 4.5932
2026-01-07 20:14:51,868 [INFO] 
2026-01-07 20:14:51,869 [INFO] [ROUND 21]
2026-01-07 20:14:51,869 [INFO] configure_fit: strategy sampled 28 clients (out of 28)
2026-01-07 20:14:53,793 [INFO] aggregate_fit: received 28 results and 0 failures
2026-01-07 20:14:53,805 [INFO] configure_evaluate: strategy sampled 28 clients (out of 28)
2026-01-07 20:14:54,027 [INFO] aggregate_evaluate: received 28 results and 0 failures
2026-01-07 20:14:54,028 [INFO] Round aggregated metrics -> mse: 129.6617  rmse: 11.3869  mae: 4.6211
2026-01-07 20:14:54,028 [INFO] 
2026-01-07 20:14:54,028 [INFO] [ROUND 22]
2026-01-07 20:14:54,028 [INFO] configure_fit: strategy sampled 28 clients (out of 28)
2026-01-07 20:14:55,952 [INFO] aggregate_fit: received 28 results and 0 failures
2026-01-07 20:14:55,962 [INFO] configure_evaluate: strategy sampled 28 clients (out of 28)
2026-01-07 20:14:56,186 [INFO] aggregate_evaluate: received 28 results and 0 failures
2026-01-07 20:14:56,186 [INFO] Round aggregated metrics -> mse: 132.5468  rmse: 11.5129  mae: 4.8130
2026-01-07 20:14:56,186 [INFO] 
2026-01-07 20:14:56,187 [INFO] [ROUND 23]
2026-01-07 20:14:56,187 [INFO] configure_fit: strategy sampled 28 clients (out of 28)
2026-01-07 20:14:58,109 [INFO] aggregate_fit: received 28 results and 0 failures
2026-01-07 20:14:58,120 [INFO] configure_evaluate: strategy sampled 28 clients (out of 28)
2026-01-07 20:14:58,340 [INFO] aggregate_evaluate: received 28 results and 0 failures
2026-01-07 20:14:58,341 [INFO] Round aggregated metrics -> mse: 128.8767  rmse: 11.3524  mae: 4.6516
2026-01-07 20:14:58,341 [INFO] 
2026-01-07 20:14:58,341 [INFO] [ROUND 24]
2026-01-07 20:14:58,341 [INFO] configure_fit: strategy sampled 28 clients (out of 28)
2026-01-07 20:15:00,262 [INFO] aggregate_fit: received 28 results and 0 failures
2026-01-07 20:15:00,274 [INFO] configure_evaluate: strategy sampled 28 clients (out of 28)
2026-01-07 20:15:00,496 [INFO] aggregate_evaluate: received 28 results and 0 failures
2026-01-07 20:15:00,497 [INFO] Round aggregated metrics -> mse: 132.4501  rmse: 11.5087  mae: 4.8734
2026-01-07 20:15:00,497 [INFO] 
2026-01-07 20:15:00,497 [INFO] [ROUND 25]
2026-01-07 20:15:00,497 [INFO] configure_fit: strategy sampled 28 clients (out of 28)
2026-01-07 20:15:02,414 [INFO] aggregate_fit: received 28 results and 0 failures
2026-01-07 20:15:02,425 [INFO] configure_evaluate: strategy sampled 28 clients (out of 28)
2026-01-07 20:15:02,648 [INFO] aggregate_evaluate: received 28 results and 0 failures
2026-01-07 20:15:02,648 [INFO] Round aggregated metrics -> mse: 127.8163  rmse: 11.3056  mae: 4.6296
2026-01-07 20:15:02,648 [INFO] 
2026-01-07 20:15:02,649 [INFO] [ROUND 26]
2026-01-07 20:15:02,649 [INFO] configure_fit: strategy sampled 28 clients (out of 28)
2026-01-07 20:15:04,567 [INFO] aggregate_fit: received 28 results and 0 failures
2026-01-07 20:15:04,578 [INFO] configure_evaluate: strategy sampled 28 clients (out of 28)
2026-01-07 20:15:04,800 [INFO] aggregate_evaluate: received 28 results and 0 failures
2026-01-07 20:15:04,800 [INFO] Round aggregated metrics -> mse: 129.9055  rmse: 11.3976  mae: 4.7669
2026-01-07 20:15:04,801 [INFO] 
2026-01-07 20:15:04,801 [INFO] [ROUND 27]
2026-01-07 20:15:04,801 [INFO] configure_fit: strategy sampled 28 clients (out of 28)
2026-01-07 20:15:06,726 [INFO] aggregate_fit: received 28 results and 0 failures
2026-01-07 20:15:06,738 [INFO] configure_evaluate: strategy sampled 28 clients (out of 28)
2026-01-07 20:15:06,961 [INFO] aggregate_evaluate: received 28 results and 0 failures
2026-01-07 20:15:06,961 [INFO] Round aggregated metrics -> mse: 129.3204  rmse: 11.3719  mae: 4.7728
2026-01-07 20:15:06,961 [INFO] 
2026-01-07 20:15:06,961 [INFO] [ROUND 28]
2026-01-07 20:15:06,961 [INFO] configure_fit: strategy sampled 28 clients (out of 28)
2026-01-07 20:15:08,882 [INFO] aggregate_fit: received 28 results and 0 failures
2026-01-07 20:15:08,896 [INFO] configure_evaluate: strategy sampled 28 clients (out of 28)
2026-01-07 20:15:09,118 [INFO] aggregate_evaluate: received 28 results and 0 failures
2026-01-07 20:15:09,118 [INFO] Round aggregated metrics -> mse: 128.1137  rmse: 11.3187  mae: 4.7339
2026-01-07 20:15:09,118 [INFO] 
2026-01-07 20:15:09,118 [INFO] [ROUND 29]
2026-01-07 20:15:09,119 [INFO] configure_fit: strategy sampled 28 clients (out of 28)
2026-01-07 20:15:11,034 [INFO] aggregate_fit: received 28 results and 0 failures
2026-01-07 20:15:11,046 [INFO] configure_evaluate: strategy sampled 28 clients (out of 28)
2026-01-07 20:15:11,269 [INFO] aggregate_evaluate: received 28 results and 0 failures
2026-01-07 20:15:11,269 [INFO] Round aggregated metrics -> mse: 127.6066  rmse: 11.2963  mae: 4.6802
2026-01-07 20:15:11,269 [INFO] 
2026-01-07 20:15:11,269 [INFO] [ROUND 30]
2026-01-07 20:15:11,269 [INFO] configure_fit: strategy sampled 28 clients (out of 28)
2026-01-07 20:15:13,191 [INFO] aggregate_fit: received 28 results and 0 failures
2026-01-07 20:15:13,201 [INFO] configure_evaluate: strategy sampled 28 clients (out of 28)
2026-01-07 20:15:13,423 [INFO] aggregate_evaluate: received 28 results and 0 failures
2026-01-07 20:15:13,424 [INFO] Round aggregated metrics -> mse: 130.5197  rmse: 11.4245  mae: 4.8070
2026-01-07 20:15:13,424 [INFO] 
2026-01-07 20:15:13,424 [INFO] [SUMMARY]
2026-01-07 20:15:13,424 [INFO] Run finished 30 rounds in 67.49s
2026-01-07 20:15:13,426 [INFO] History (loss, distributed):
2026-01-07 20:15:13,426 [INFO] 	('\tround 1: 207.5335304188029\n'
2026-01-07 20:15:13,426 [INFO] 	 '\tround 2: 167.24098868235112\n'
2026-01-07 20:15:13,426 [INFO] 	 '\tround 3: 149.16163190835994\n'
2026-01-07 20:15:13,426 [INFO] 	 '\tround 4: 149.70647931060694\n'
2026-01-07 20:15:13,426 [INFO] 	 '\tround 5: 140.7154058038533\n'
2026-01-07 20:15:13,427 [INFO] 	 '\tround 6: 136.22063125146846\n'
2026-01-07 20:15:13,427 [INFO] 	 '\tround 7: 139.84578141291462\n'
2026-01-07 20:15:13,427 [INFO] 	 '\tround 8: 142.19368477483937\n'
2026-01-07 20:15:13,427 [INFO] 	 '\tround 9: 137.93111714174395\n'
2026-01-07 20:15:13,427 [INFO] 	 '\tround 10: 137.36692697872382\n'
2026-01-07 20:15:13,427 [INFO] 	 '\tround 11: 133.9989028232126\n'
2026-01-07 20:15:13,427 [INFO] 	 '\tround 12: 134.35087629570862\n'
2026-01-07 20:15:13,427 [INFO] 	 '\tround 13: 138.30699740815993\n'
2026-01-07 20:15:13,427 [INFO] 	 '\tround 14: 134.59762053982476\n'
2026-01-07 20:15:13,427 [INFO] 	 '\tround 15: 134.84742256714924\n'
2026-01-07 20:15:13,427 [INFO] 	 '\tround 16: 135.37162820212237\n'
2026-01-07 20:15:13,427 [INFO] 	 '\tround 17: 133.71795239028418\n'
2026-01-07 20:15:13,427 [INFO] 	 '\tround 18: 131.94292733739758\n'
2026-01-07 20:15:13,427 [INFO] 	 '\tround 19: 133.95158007148206\n'
2026-01-07 20:15:13,427 [INFO] 	 '\tround 20: 128.8501198069149\n'
2026-01-07 20:15:13,427 [INFO] 	 '\tround 21: 129.66168199202318\n'
2026-01-07 20:15:13,427 [INFO] 	 '\tround 22: 132.5467741237552\n'
2026-01-07 20:15:13,427 [INFO] 	 '\tround 23: 128.87670316814174\n'
2026-01-07 20:15:13,428 [INFO] 	 '\tround 24: 132.4501060602536\n'
2026-01-07 20:15:13,428 [INFO] 	 '\tround 25: 127.81628521203339\n'
2026-01-07 20:15:13,428 [INFO] 	 '\tround 26: 129.90547781144664\n'
2026-01-07 20:15:13,428 [INFO] 	 '\tround 27: 129.32036148010317\n'
2026-01-07 20:15:13,428 [INFO] 	 '\tround 28: 128.11369859057757\n'
2026-01-07 20:15:13,428 [INFO] 	 '\tround 29: 127.60664653327353\n'
2026-01-07 20:15:13,428 [INFO] 	 '\tround 30: 130.51974318278263\n')History (metrics, distributed, evaluate):
2026-01-07 20:15:13,428 [INFO] 	{'mae': [(1, 7.052550941623754),
2026-01-07 20:15:13,428 [INFO] 	         (2, 5.766008496489358),
2026-01-07 20:15:13,428 [INFO] 	         (3, 5.085407816426782),
2026-01-07 20:15:13,428 [INFO] 	         (4, 5.140997325426171),
2026-01-07 20:15:13,428 [INFO] 	         (5, 4.825905831976291),
2026-01-07 20:15:13,428 [INFO] 	         (6, 4.605241001594733),
2026-01-07 20:15:13,428 [INFO] 	         (7, 4.8234893378181045),
2026-01-07 20:15:13,428 [INFO] 	         (8, 4.980938895690015),
2026-01-07 20:15:13,428 [INFO] 	         (9, 4.799797494295646),
2026-01-07 20:15:13,428 [INFO] 	         (10, 4.821713517460115),
2026-01-07 20:15:13,428 [INFO] 	         (11, 4.657354393839071),
2026-01-07 20:15:13,428 [INFO] 	         (12, 4.674989011449403),
2026-01-07 20:15:13,428 [INFO] 	         (13, 4.884569910048455),
2026-01-07 20:15:13,428 [INFO] 	         (14, 4.734951234595913),
2026-01-07 20:15:13,428 [INFO] 	         (15, 4.7830553712591355),
2026-01-07 20:15:13,429 [INFO] 	         (16, 4.841498282008167),
2026-01-07 20:15:13,429 [INFO] 	         (17, 4.76350744018087),
2026-01-07 20:15:13,429 [INFO] 	         (18, 4.726126988829002),
2026-01-07 20:15:13,429 [INFO] 	         (19, 4.832698666180742),
2026-01-07 20:15:13,429 [INFO] 	         (20, 4.5931666199763255),
2026-01-07 20:15:13,429 [INFO] 	         (21, 4.621139421772236),
2026-01-07 20:15:13,429 [INFO] 	         (22, 4.813005893521086),
2026-01-07 20:15:13,429 [INFO] 	         (23, 4.65159752489666),
2026-01-07 20:15:13,429 [INFO] 	         (24, 4.873373791288609),
2026-01-07 20:15:13,429 [INFO] 	         (25, 4.629585716426099),
2026-01-07 20:15:13,429 [INFO] 	         (26, 4.766912359856991),
2026-01-07 20:15:13,429 [INFO] 	         (27, 4.772750698159748),
2026-01-07 20:15:13,429 [INFO] 	         (28, 4.733869828645731),
2026-01-07 20:15:13,429 [INFO] 	         (29, 4.680174838502292),
2026-01-07 20:15:13,429 [INFO] 	         (30, 4.807027148583086)],
2026-01-07 20:15:13,430 [INFO] 	 'mse': [(1, 207.53353057015008),
2026-01-07 20:15:13,430 [INFO] 	         (2, 167.2409904332171),
2026-01-07 20:15:13,430 [INFO] 	         (3, 149.16163144358302),
2026-01-07 20:15:13,430 [INFO] 	         (4, 149.7064811643674),
2026-01-07 20:15:13,430 [INFO] 	         (5, 140.71540566175958),
2026-01-07 20:15:13,430 [INFO] 	         (6, 136.2206291289476),
2026-01-07 20:15:13,430 [INFO] 	         (7, 139.84578240031118),
2026-01-07 20:15:13,430 [INFO] 	         (8, 142.19368457417562),
2026-01-07 20:15:13,430 [INFO] 	         (9, 137.93111681326965),
2026-01-07 20:15:13,430 [INFO] 	         (10, 137.3669285716047),
2026-01-07 20:15:13,430 [INFO] 	         (11, 133.99890351074208),
2026-01-07 20:15:13,430 [INFO] 	         (12, 134.35087548161488),
2026-01-07 20:15:13,430 [INFO] 	         (13, 138.30699867746296),
2026-01-07 20:15:13,430 [INFO] 	         (14, 134.59762015765298),
2026-01-07 20:15:13,430 [INFO] 	         (15, 134.84742146934954),
2026-01-07 20:15:13,431 [INFO] 	         (16, 135.37162857242168),
2026-01-07 20:15:13,431 [INFO] 	         (17, 133.71795196616964),
2026-01-07 20:15:13,431 [INFO] 	         (18, 131.94292620315082),
2026-01-07 20:15:13,431 [INFO] 	         (19, 133.9515801002327),
2026-01-07 20:15:13,431 [INFO] 	         (20, 128.8501203067867),
2026-01-07 20:15:13,431 [INFO] 	         (21, 129.66168330187418),
2026-01-07 20:15:13,431 [INFO] 	         (22, 132.54677238665678),
2026-01-07 20:15:13,431 [INFO] 	         (23, 128.87670402775845),
2026-01-07 20:15:13,431 [INFO] 	         (24, 132.4501056329157),
2026-01-07 20:15:13,431 [INFO] 	         (25, 127.81628660846069),
2026-01-07 20:15:13,431 [INFO] 	         (26, 129.905478241436),
2026-01-07 20:15:13,431 [INFO] 	         (27, 129.32036241592616),
2026-01-07 20:15:13,431 [INFO] 	         (28, 128.11369894956445),
2026-01-07 20:15:13,431 [INFO] 	         (29, 127.60664691662332),
2026-01-07 20:15:13,431 [INFO] 	         (30, 130.51974387599392)],
2026-01-07 20:15:13,432 [INFO] 	 'rmse': [(1, 14.406024106954357),
2026-01-07 20:15:13,432 [INFO] 	          (2, 12.932168821710343),
2026-01-07 20:15:13,432 [INFO] 	          (3, 12.21317450311683),
2026-01-07 20:15:13,432 [INFO] 	          (4, 12.235459989896881),
2026-01-07 20:15:13,432 [INFO] 	          (5, 11.862352450579083),
2026-01-07 20:15:13,432 [INFO] 	          (6, 11.67135935223261),
2026-01-07 20:15:13,432 [INFO] 	          (7, 11.825640887508431),
2026-01-07 20:15:13,432 [INFO] 	          (8, 11.924499342705152),
2026-01-07 20:15:13,432 [INFO] 	          (9, 11.744407895388752),
2026-01-07 20:15:13,432 [INFO] 	          (10, 11.720363841263833),
2026-01-07 20:15:13,432 [INFO] 	          (11, 11.575789541570893),
2026-01-07 20:15:13,432 [INFO] 	          (12, 11.590982507174052),
2026-01-07 20:15:13,432 [INFO] 	          (13, 11.760399596844614),
2026-01-07 20:15:13,432 [INFO] 	          (14, 11.601621445196916),
2026-01-07 20:15:13,432 [INFO] 	          (15, 11.612382247814164),
2026-01-07 20:15:13,432 [INFO] 	          (16, 11.634931395260638),
2026-01-07 20:15:13,433 [INFO] 	          (17, 11.563647865884262),
2026-01-07 20:15:13,433 [INFO] 	          (18, 11.48664120633838),
2026-01-07 20:15:13,433 [INFO] 	          (19, 11.573745292697291),
2026-01-07 20:15:13,433 [INFO] 	          (20, 11.351216688390135),
2026-01-07 20:15:13,433 [INFO] 	          (21, 11.38690841720764),
2026-01-07 20:15:13,433 [INFO] 	          (22, 11.512895916608331),
2026-01-07 20:15:13,433 [INFO] 	          (23, 11.352387591505078),
2026-01-07 20:15:13,433 [INFO] 	          (24, 11.508696956342003),
2026-01-07 20:15:13,433 [INFO] 	          (25, 11.305586522089895),
2026-01-07 20:15:13,433 [INFO] 	          (26, 11.39760844394279),
2026-01-07 20:15:13,433 [INFO] 	          (27, 11.371911115372216),
2026-01-07 20:15:13,433 [INFO] 	          (28, 11.318732214765241),
2026-01-07 20:15:13,433 [INFO] 	          (29, 11.296311208382289),
2026-01-07 20:15:13,433 [INFO] 	          (30, 11.4245237920884)]}
2026-01-07 20:15:13,433 [INFO] 
2026-01-07 20:18:35,681 [INFO] Starting Flower server, config: num_rounds=30, no round_timeout
2026-01-07 20:18:35,691 [INFO] Flower ECE: gRPC server running (30 rounds), SSL is disabled
2026-01-07 20:18:35,691 [INFO] [INIT]
2026-01-07 20:18:35,692 [INFO] Requesting initial parameters from one random client
2026-01-07 20:18:48,004 [INFO] Received initial parameters from one random client
2026-01-07 20:18:48,005 [INFO] Evaluating initial global parameters
2026-01-07 20:18:48,005 [INFO] 
2026-01-07 20:18:48,005 [INFO] [ROUND 1]
2026-01-07 20:18:49,347 [INFO] configure_fit: strategy sampled 20 clients (out of 20)
2026-01-07 20:18:53,244 [INFO] aggregate_fit: received 20 results and 0 failures
2026-01-07 20:18:53,254 [WARNING] No fit_metrics_aggregation_fn provided
2026-01-07 20:18:53,254 [INFO] configure_evaluate: strategy sampled 28 clients (out of 28)
2026-01-07 20:18:53,517 [INFO] aggregate_evaluate: received 28 results and 0 failures
2026-01-07 20:18:53,518 [INFO] Round aggregated metrics -> mse: 212.5187  rmse: 14.5780  mae: 7.2154
2026-01-07 20:18:53,518 [INFO] 
2026-01-07 20:18:53,518 [INFO] [ROUND 2]
2026-01-07 20:18:53,518 [INFO] configure_fit: strategy sampled 28 clients (out of 28)
2026-01-07 20:18:56,972 [INFO] aggregate_fit: received 28 results and 0 failures
2026-01-07 20:18:56,982 [INFO] configure_evaluate: strategy sampled 28 clients (out of 28)
2026-01-07 20:18:57,207 [INFO] aggregate_evaluate: received 28 results and 0 failures
2026-01-07 20:18:57,207 [INFO] Round aggregated metrics -> mse: 161.5436  rmse: 12.7100  mae: 5.6387
2026-01-07 20:18:57,207 [INFO] 
2026-01-07 20:18:57,207 [INFO] [ROUND 3]
2026-01-07 20:18:57,208 [INFO] configure_fit: strategy sampled 28 clients (out of 28)
2026-01-07 20:19:00,385 [INFO] aggregate_fit: received 28 results and 0 failures
2026-01-07 20:19:00,396 [INFO] configure_evaluate: strategy sampled 28 clients (out of 28)
2026-01-07 20:19:00,616 [INFO] aggregate_evaluate: received 28 results and 0 failures
2026-01-07 20:19:00,617 [INFO] Round aggregated metrics -> mse: 155.7410  rmse: 12.4796  mae: 5.3184
2026-01-07 20:19:00,617 [INFO] 
2026-01-07 20:19:00,617 [INFO] [ROUND 4]
2026-01-07 20:19:00,617 [INFO] configure_fit: strategy sampled 28 clients (out of 28)
2026-01-07 20:19:03,780 [INFO] aggregate_fit: received 28 results and 0 failures
2026-01-07 20:19:03,791 [INFO] configure_evaluate: strategy sampled 28 clients (out of 28)
2026-01-07 20:19:04,014 [INFO] aggregate_evaluate: received 28 results and 0 failures
2026-01-07 20:19:04,014 [INFO] Round aggregated metrics -> mse: 150.5988  rmse: 12.2719  mae: 5.1688
2026-01-07 20:19:04,014 [INFO] 
2026-01-07 20:19:04,014 [INFO] [ROUND 5]
2026-01-07 20:19:04,015 [INFO] configure_fit: strategy sampled 28 clients (out of 28)
2026-01-07 20:19:07,181 [INFO] aggregate_fit: received 28 results and 0 failures
2026-01-07 20:19:07,192 [INFO] configure_evaluate: strategy sampled 28 clients (out of 28)
2026-01-07 20:19:07,414 [INFO] aggregate_evaluate: received 28 results and 0 failures
2026-01-07 20:19:07,415 [INFO] Round aggregated metrics -> mse: 143.1931  rmse: 11.9663  mae: 4.9350
2026-01-07 20:19:07,415 [INFO] 
2026-01-07 20:19:07,415 [INFO] [ROUND 6]
2026-01-07 20:19:07,415 [INFO] configure_fit: strategy sampled 28 clients (out of 28)
2026-01-07 20:19:10,581 [INFO] aggregate_fit: received 28 results and 0 failures
2026-01-07 20:19:10,592 [INFO] configure_evaluate: strategy sampled 28 clients (out of 28)
2026-01-07 20:19:10,814 [INFO] aggregate_evaluate: received 28 results and 0 failures
2026-01-07 20:19:10,815 [INFO] Round aggregated metrics -> mse: 142.7450  rmse: 11.9476  mae: 4.9072
2026-01-07 20:19:10,815 [INFO] 
2026-01-07 20:19:10,815 [INFO] [ROUND 7]
2026-01-07 20:19:10,815 [INFO] configure_fit: strategy sampled 28 clients (out of 28)
2026-01-07 20:19:13,999 [INFO] aggregate_fit: received 28 results and 0 failures
2026-01-07 20:19:14,025 [INFO] configure_evaluate: strategy sampled 28 clients (out of 28)
2026-01-07 20:19:14,249 [INFO] aggregate_evaluate: received 28 results and 0 failures
2026-01-07 20:19:14,249 [INFO] Round aggregated metrics -> mse: 137.4543  rmse: 11.7241  mae: 4.7524
2026-01-07 20:19:14,249 [INFO] 
2026-01-07 20:19:14,249 [INFO] [ROUND 8]
2026-01-07 20:19:14,250 [INFO] configure_fit: strategy sampled 28 clients (out of 28)
2026-01-07 20:19:17,416 [INFO] aggregate_fit: received 28 results and 0 failures
2026-01-07 20:19:17,428 [INFO] configure_evaluate: strategy sampled 28 clients (out of 28)
2026-01-07 20:19:17,649 [INFO] aggregate_evaluate: received 28 results and 0 failures
2026-01-07 20:19:17,650 [INFO] Round aggregated metrics -> mse: 133.5465  rmse: 11.5562  mae: 4.5988
2026-01-07 20:19:17,650 [INFO] 
2026-01-07 20:19:17,650 [INFO] [ROUND 9]
2026-01-07 20:19:17,650 [INFO] configure_fit: strategy sampled 28 clients (out of 28)
2026-01-07 20:19:20,830 [INFO] aggregate_fit: received 28 results and 0 failures
2026-01-07 20:19:20,844 [INFO] configure_evaluate: strategy sampled 28 clients (out of 28)
2026-01-07 20:19:21,067 [INFO] aggregate_evaluate: received 28 results and 0 failures
2026-01-07 20:19:21,067 [INFO] Round aggregated metrics -> mse: 131.2199  rmse: 11.4551  mae: 4.4906
2026-01-07 20:19:21,067 [INFO] 
2026-01-07 20:19:21,068 [INFO] [ROUND 10]
2026-01-07 20:19:21,068 [INFO] configure_fit: strategy sampled 28 clients (out of 28)
2026-01-07 20:19:24,253 [INFO] aggregate_fit: received 28 results and 0 failures
2026-01-07 20:19:24,264 [INFO] configure_evaluate: strategy sampled 28 clients (out of 28)
2026-01-07 20:19:24,485 [INFO] aggregate_evaluate: received 28 results and 0 failures
2026-01-07 20:19:24,485 [INFO] Round aggregated metrics -> mse: 131.8535  rmse: 11.4827  mae: 4.5456
2026-01-07 20:19:24,485 [INFO] 
2026-01-07 20:19:24,485 [INFO] [ROUND 11]
2026-01-07 20:19:24,486 [INFO] configure_fit: strategy sampled 28 clients (out of 28)
2026-01-07 20:19:27,654 [INFO] aggregate_fit: received 28 results and 0 failures
2026-01-07 20:19:27,665 [INFO] configure_evaluate: strategy sampled 28 clients (out of 28)
2026-01-07 20:19:27,887 [INFO] aggregate_evaluate: received 28 results and 0 failures
2026-01-07 20:19:27,887 [INFO] Round aggregated metrics -> mse: 132.2371  rmse: 11.4994  mae: 4.6077
2026-01-07 20:19:27,888 [INFO] 
2026-01-07 20:19:27,888 [INFO] [ROUND 12]
2026-01-07 20:19:27,888 [INFO] configure_fit: strategy sampled 28 clients (out of 28)
2026-01-07 20:19:31,056 [INFO] aggregate_fit: received 28 results and 0 failures
2026-01-07 20:19:31,067 [INFO] configure_evaluate: strategy sampled 28 clients (out of 28)
2026-01-07 20:19:31,290 [INFO] aggregate_evaluate: received 28 results and 0 failures
2026-01-07 20:19:31,290 [INFO] Round aggregated metrics -> mse: 136.6992  rmse: 11.6918  mae: 4.8205
2026-01-07 20:19:31,290 [INFO] 
2026-01-07 20:19:31,291 [INFO] [ROUND 13]
2026-01-07 20:19:31,291 [INFO] configure_fit: strategy sampled 28 clients (out of 28)
2026-01-07 20:19:34,471 [INFO] aggregate_fit: received 28 results and 0 failures
2026-01-07 20:19:34,486 [INFO] configure_evaluate: strategy sampled 28 clients (out of 28)
2026-01-07 20:19:34,710 [INFO] aggregate_evaluate: received 28 results and 0 failures
2026-01-07 20:19:34,710 [INFO] Round aggregated metrics -> mse: 129.5779  rmse: 11.3832  mae: 4.5401
2026-01-07 20:19:34,710 [INFO] 
2026-01-07 20:19:34,710 [INFO] [ROUND 14]
2026-01-07 20:19:34,710 [INFO] configure_fit: strategy sampled 28 clients (out of 28)
2026-01-07 20:19:37,910 [INFO] aggregate_fit: received 28 results and 0 failures
2026-01-07 20:19:37,924 [INFO] configure_evaluate: strategy sampled 28 clients (out of 28)
2026-01-07 20:19:38,147 [INFO] aggregate_evaluate: received 28 results and 0 failures
2026-01-07 20:19:38,147 [INFO] Round aggregated metrics -> mse: 127.7138  rmse: 11.3011  mae: 4.4685
2026-01-07 20:19:38,148 [INFO] 
2026-01-07 20:19:38,148 [INFO] [ROUND 15]
2026-01-07 20:19:38,148 [INFO] configure_fit: strategy sampled 28 clients (out of 28)
2026-01-07 20:19:41,338 [INFO] aggregate_fit: received 28 results and 0 failures
2026-01-07 20:19:41,350 [INFO] configure_evaluate: strategy sampled 28 clients (out of 28)
2026-01-07 20:19:41,571 [INFO] aggregate_evaluate: received 28 results and 0 failures
2026-01-07 20:19:41,572 [INFO] Round aggregated metrics -> mse: 128.4029  rmse: 11.3315  mae: 4.5433
2026-01-07 20:19:41,572 [INFO] 
2026-01-07 20:19:41,572 [INFO] [ROUND 16]
2026-01-07 20:19:41,572 [INFO] configure_fit: strategy sampled 28 clients (out of 28)
2026-01-07 20:19:44,754 [INFO] aggregate_fit: received 28 results and 0 failures
2026-01-07 20:19:44,767 [INFO] configure_evaluate: strategy sampled 28 clients (out of 28)
2026-01-07 20:19:44,993 [INFO] aggregate_evaluate: received 28 results and 0 failures
2026-01-07 20:19:44,993 [INFO] Round aggregated metrics -> mse: 126.7895  rmse: 11.2601  mae: 4.4714
2026-01-07 20:19:44,993 [INFO] 
2026-01-07 20:19:44,994 [INFO] [ROUND 17]
2026-01-07 20:19:44,994 [INFO] configure_fit: strategy sampled 28 clients (out of 28)
2026-01-07 20:19:48,202 [INFO] aggregate_fit: received 28 results and 0 failures
2026-01-07 20:19:48,214 [INFO] configure_evaluate: strategy sampled 28 clients (out of 28)
2026-01-07 20:19:48,436 [INFO] aggregate_evaluate: received 28 results and 0 failures
2026-01-07 20:19:48,436 [INFO] Round aggregated metrics -> mse: 126.7364  rmse: 11.2577  mae: 4.5059
2026-01-07 20:19:48,437 [INFO] 
2026-01-07 20:19:48,437 [INFO] [ROUND 18]
2026-01-07 20:19:48,437 [INFO] configure_fit: strategy sampled 28 clients (out of 28)
2026-01-07 20:19:51,634 [INFO] aggregate_fit: received 28 results and 0 failures
2026-01-07 20:19:51,645 [INFO] configure_evaluate: strategy sampled 28 clients (out of 28)
2026-01-07 20:19:51,867 [INFO] aggregate_evaluate: received 28 results and 0 failures
2026-01-07 20:19:51,867 [INFO] Round aggregated metrics -> mse: 123.7344  rmse: 11.1236  mae: 4.3752
2026-01-07 20:19:51,867 [INFO] 
2026-01-07 20:19:51,867 [INFO] [ROUND 19]
2026-01-07 20:19:51,868 [INFO] configure_fit: strategy sampled 28 clients (out of 28)
2026-01-07 20:19:55,076 [INFO] aggregate_fit: received 28 results and 0 failures
2026-01-07 20:19:55,088 [INFO] configure_evaluate: strategy sampled 28 clients (out of 28)
2026-01-07 20:19:55,309 [INFO] aggregate_evaluate: received 28 results and 0 failures
2026-01-07 20:19:55,309 [INFO] Round aggregated metrics -> mse: 125.1044  rmse: 11.1850  mae: 4.4694
2026-01-07 20:19:55,310 [INFO] 
2026-01-07 20:19:55,310 [INFO] [ROUND 20]
2026-01-07 20:19:55,310 [INFO] configure_fit: strategy sampled 28 clients (out of 28)
2026-01-07 20:19:58,512 [INFO] aggregate_fit: received 28 results and 0 failures
2026-01-07 20:19:58,524 [INFO] configure_evaluate: strategy sampled 28 clients (out of 28)
2026-01-07 20:19:58,750 [INFO] aggregate_evaluate: received 28 results and 0 failures
2026-01-07 20:19:58,750 [INFO] Round aggregated metrics -> mse: 128.6111  rmse: 11.3407  mae: 4.6416
2026-01-07 20:19:58,751 [INFO] 
2026-01-07 20:19:58,751 [INFO] [ROUND 21]
2026-01-07 20:19:58,751 [INFO] configure_fit: strategy sampled 28 clients (out of 28)
2026-01-07 20:20:01,937 [INFO] aggregate_fit: received 28 results and 0 failures
2026-01-07 20:20:01,948 [INFO] configure_evaluate: strategy sampled 28 clients (out of 28)
2026-01-07 20:20:02,173 [INFO] aggregate_evaluate: received 28 results and 0 failures
2026-01-07 20:20:02,174 [INFO] Round aggregated metrics -> mse: 126.9732  rmse: 11.2682  mae: 4.5645
2026-01-07 20:20:02,174 [INFO] 
2026-01-07 20:20:02,174 [INFO] [ROUND 22]
2026-01-07 20:20:02,174 [INFO] configure_fit: strategy sampled 28 clients (out of 28)
2026-01-07 20:20:05,376 [INFO] aggregate_fit: received 28 results and 0 failures
2026-01-07 20:20:05,391 [INFO] configure_evaluate: strategy sampled 28 clients (out of 28)
2026-01-07 20:20:05,616 [INFO] aggregate_evaluate: received 28 results and 0 failures
2026-01-07 20:20:05,616 [INFO] Round aggregated metrics -> mse: 124.4968  rmse: 11.1578  mae: 4.4695
2026-01-07 20:20:05,616 [INFO] 
2026-01-07 20:20:05,616 [INFO] [ROUND 23]
2026-01-07 20:20:05,616 [INFO] configure_fit: strategy sampled 28 clients (out of 28)
2026-01-07 20:20:08,823 [INFO] aggregate_fit: received 28 results and 0 failures
2026-01-07 20:20:08,836 [INFO] configure_evaluate: strategy sampled 28 clients (out of 28)
2026-01-07 20:20:09,060 [INFO] aggregate_evaluate: received 28 results and 0 failures
2026-01-07 20:20:09,060 [INFO] Round aggregated metrics -> mse: 122.7742  rmse: 11.0804  mae: 4.4095
2026-01-07 20:20:09,060 [INFO] 
2026-01-07 20:20:09,061 [INFO] [ROUND 24]
2026-01-07 20:20:09,061 [INFO] configure_fit: strategy sampled 28 clients (out of 28)
2026-01-07 20:20:12,277 [INFO] aggregate_fit: received 28 results and 0 failures
2026-01-07 20:20:12,292 [INFO] configure_evaluate: strategy sampled 28 clients (out of 28)
2026-01-07 20:20:12,516 [INFO] aggregate_evaluate: received 28 results and 0 failures
2026-01-07 20:20:12,517 [INFO] Round aggregated metrics -> mse: 127.3018  rmse: 11.2828  mae: 4.6396
2026-01-07 20:20:12,517 [INFO] 
2026-01-07 20:20:12,517 [INFO] [ROUND 25]
2026-01-07 20:20:12,517 [INFO] configure_fit: strategy sampled 28 clients (out of 28)
2026-01-07 20:20:15,723 [INFO] aggregate_fit: received 28 results and 0 failures
2026-01-07 20:20:15,735 [INFO] configure_evaluate: strategy sampled 28 clients (out of 28)
2026-01-07 20:20:15,959 [INFO] aggregate_evaluate: received 28 results and 0 failures
2026-01-07 20:20:15,959 [INFO] Round aggregated metrics -> mse: 130.1199  rmse: 11.4070  mae: 4.8032
2026-01-07 20:20:15,959 [INFO] 
2026-01-07 20:20:15,959 [INFO] [ROUND 26]
2026-01-07 20:20:15,959 [INFO] configure_fit: strategy sampled 28 clients (out of 28)
2026-01-07 20:20:19,175 [INFO] aggregate_fit: received 28 results and 0 failures
2026-01-07 20:20:19,186 [INFO] configure_evaluate: strategy sampled 28 clients (out of 28)
2026-01-07 20:20:19,408 [INFO] aggregate_evaluate: received 28 results and 0 failures
2026-01-07 20:20:19,409 [INFO] Round aggregated metrics -> mse: 127.9412  rmse: 11.3111  mae: 4.6740
2026-01-07 20:20:19,409 [INFO] 
2026-01-07 20:20:19,409 [INFO] [ROUND 27]
2026-01-07 20:20:19,409 [INFO] configure_fit: strategy sampled 28 clients (out of 28)
2026-01-07 20:20:22,608 [INFO] aggregate_fit: received 28 results and 0 failures
2026-01-07 20:20:22,620 [INFO] configure_evaluate: strategy sampled 28 clients (out of 28)
2026-01-07 20:20:22,845 [INFO] aggregate_evaluate: received 28 results and 0 failures
2026-01-07 20:20:22,846 [INFO] Round aggregated metrics -> mse: 124.2108  rmse: 11.1450  mae: 4.5419
2026-01-07 20:20:22,846 [INFO] 
2026-01-07 20:20:22,846 [INFO] [ROUND 28]
2026-01-07 20:20:22,846 [INFO] configure_fit: strategy sampled 28 clients (out of 28)
2026-01-07 20:20:26,064 [INFO] aggregate_fit: received 28 results and 0 failures
2026-01-07 20:20:26,076 [INFO] configure_evaluate: strategy sampled 28 clients (out of 28)
2026-01-07 20:20:26,302 [INFO] aggregate_evaluate: received 28 results and 0 failures
2026-01-07 20:20:26,302 [INFO] Round aggregated metrics -> mse: 123.1287  rmse: 11.0963  mae: 4.4957
2026-01-07 20:20:26,302 [INFO] 
2026-01-07 20:20:26,302 [INFO] [ROUND 29]
2026-01-07 20:20:26,303 [INFO] configure_fit: strategy sampled 28 clients (out of 28)
2026-01-07 20:20:29,519 [INFO] aggregate_fit: received 28 results and 0 failures
2026-01-07 20:20:29,530 [INFO] configure_evaluate: strategy sampled 28 clients (out of 28)
2026-01-07 20:20:29,756 [INFO] aggregate_evaluate: received 28 results and 0 failures
2026-01-07 20:20:29,756 [INFO] Round aggregated metrics -> mse: 122.2882  rmse: 11.0584  mae: 4.4613
2026-01-07 20:20:29,757 [INFO] 
2026-01-07 20:20:29,757 [INFO] [ROUND 30]
2026-01-07 20:20:29,757 [INFO] configure_fit: strategy sampled 28 clients (out of 28)
2026-01-07 20:20:32,975 [INFO] aggregate_fit: received 28 results and 0 failures
2026-01-07 20:20:32,986 [INFO] configure_evaluate: strategy sampled 28 clients (out of 28)
2026-01-07 20:20:33,212 [INFO] aggregate_evaluate: received 28 results and 0 failures
2026-01-07 20:20:33,212 [INFO] Round aggregated metrics -> mse: 123.1376  rmse: 11.0967  mae: 4.5340
2026-01-07 20:20:33,213 [INFO] 
2026-01-07 20:20:33,213 [INFO] [SUMMARY]
2026-01-07 20:20:33,213 [INFO] Run finished 30 rounds in 105.21s
2026-01-07 20:20:33,214 [INFO] History (loss, distributed):
2026-01-07 20:20:33,214 [INFO] 	('\tround 1: 212.51869868073956\n'
2026-01-07 20:20:33,215 [INFO] 	 '\tround 2: 161.54363614353534\n'
2026-01-07 20:20:33,215 [INFO] 	 '\tround 3: 155.74101388984377\n'
2026-01-07 20:20:33,215 [INFO] 	 '\tround 4: 150.59876780666747\n'
2026-01-07 20:20:33,215 [INFO] 	 '\tround 5: 143.1931262158069\n'
2026-01-07 20:20:33,215 [INFO] 	 '\tround 6: 142.74504021503967\n'
2026-01-07 20:20:33,215 [INFO] 	 '\tround 7: 137.45432470606403\n'
2026-01-07 20:20:33,215 [INFO] 	 '\tround 8: 133.54645674475609\n'
2026-01-07 20:20:33,215 [INFO] 	 '\tround 9: 131.21987343727722\n'
2026-01-07 20:20:33,215 [INFO] 	 '\tround 10: 131.85346913059078\n'
2026-01-07 20:20:33,215 [INFO] 	 '\tround 11: 132.23714411269623\n'
2026-01-07 20:20:33,215 [INFO] 	 '\tround 12: 136.6992100619811\n'
2026-01-07 20:20:33,215 [INFO] 	 '\tround 13: 129.57787305398014\n'
2026-01-07 20:20:33,215 [INFO] 	 '\tround 14: 127.71377729211348\n'
2026-01-07 20:20:33,215 [INFO] 	 '\tround 15: 128.40292246859627\n'
2026-01-07 20:20:33,215 [INFO] 	 '\tround 16: 126.78949814961112\n'
2026-01-07 20:20:33,215 [INFO] 	 '\tround 17: 126.73642021002406\n'
2026-01-07 20:20:33,215 [INFO] 	 '\tround 18: 123.73439468870897\n'
2026-01-07 20:20:33,216 [INFO] 	 '\tround 19: 125.10444546046331\n'
2026-01-07 20:20:33,216 [INFO] 	 '\tround 20: 128.6110732361169\n'
2026-01-07 20:20:33,216 [INFO] 	 '\tround 21: 126.97320000192204\n'
2026-01-07 20:20:33,216 [INFO] 	 '\tround 22: 124.49679218485309\n'
2026-01-07 20:20:33,216 [INFO] 	 '\tround 23: 122.77420911184699\n'
2026-01-07 20:20:33,216 [INFO] 	 '\tround 24: 127.30177117402023\n'
2026-01-07 20:20:33,216 [INFO] 	 '\tround 25: 130.11990184987718\n'
2026-01-07 20:20:33,216 [INFO] 	 '\tround 26: 127.94119350097247\n'
2026-01-07 20:20:33,216 [INFO] 	 '\tround 27: 124.21082582089139\n'
2026-01-07 20:20:33,216 [INFO] 	 '\tround 28: 123.12874628225124\n'
2026-01-07 20:20:33,216 [INFO] 	 '\tround 29: 122.2881832718576\n'
2026-01-07 20:20:33,216 [INFO] 	 '\tround 30: 123.13758338866269\n')History (metrics, distributed, evaluate):
2026-01-07 20:20:33,216 [INFO] 	{'mae': [(1, 7.215424079642615),
2026-01-07 20:20:33,216 [INFO] 	         (2, 5.638658277642607),
2026-01-07 20:20:33,216 [INFO] 	         (3, 5.318431076123341),
2026-01-07 20:20:33,216 [INFO] 	         (4, 5.168804058752182),
2026-01-07 20:20:33,217 [INFO] 	         (5, 4.935032917068815),
2026-01-07 20:20:33,217 [INFO] 	         (6, 4.9071687419790395),
2026-01-07 20:20:33,217 [INFO] 	         (7, 4.752366349934221),
2026-01-07 20:20:33,217 [INFO] 	         (8, 4.59882382753516),
2026-01-07 20:20:33,217 [INFO] 	         (9, 4.4905572996212735),
2026-01-07 20:20:33,217 [INFO] 	         (10, 4.54560146038954),
2026-01-07 20:20:33,217 [INFO] 	         (11, 4.607653828510224),
2026-01-07 20:20:33,217 [INFO] 	         (12, 4.8205052824002905),
2026-01-07 20:20:33,217 [INFO] 	         (13, 4.5400552260668094),
2026-01-07 20:20:33,217 [INFO] 	         (14, 4.468534145575942),
2026-01-07 20:20:33,217 [INFO] 	         (15, 4.543299981561088),
2026-01-07 20:20:33,217 [INFO] 	         (16, 4.471393165131647),
2026-01-07 20:20:33,217 [INFO] 	         (17, 4.505944605216753),
2026-01-07 20:20:33,217 [INFO] 	         (18, 4.375238476244274),
2026-01-07 20:20:33,217 [INFO] 	         (19, 4.469352416714652),
2026-01-07 20:20:33,217 [INFO] 	         (20, 4.641585554391501),
2026-01-07 20:20:33,217 [INFO] 	         (21, 4.564496429044647),
2026-01-07 20:20:33,218 [INFO] 	         (22, 4.469545853687032),
2026-01-07 20:20:33,218 [INFO] 	         (23, 4.4094595609729605),
2026-01-07 20:20:33,218 [INFO] 	         (24, 4.639597973590811),
2026-01-07 20:20:33,218 [INFO] 	         (25, 4.803222163186829),
2026-01-07 20:20:33,218 [INFO] 	         (26, 4.673962614085016),
2026-01-07 20:20:33,218 [INFO] 	         (27, 4.541914159024013),
2026-01-07 20:20:33,218 [INFO] 	         (28, 4.495673511549489),
2026-01-07 20:20:33,218 [INFO] 	         (29, 4.461293221790237),
2026-01-07 20:20:33,218 [INFO] 	         (30, 4.53399779048674)],
2026-01-07 20:20:33,218 [INFO] 	 'mse': [(1, 212.51869943367845),
2026-01-07 20:20:33,218 [INFO] 	         (2, 161.54363496447925),
2026-01-07 20:20:33,218 [INFO] 	         (3, 155.74101428896543),
2026-01-07 20:20:33,218 [INFO] 	         (4, 150.5987677521232),
2026-01-07 20:20:33,218 [INFO] 	         (5, 143.19312603647055),
2026-01-07 20:20:33,218 [INFO] 	         (6, 142.74503998826475),
2026-01-07 20:20:33,218 [INFO] 	         (7, 137.4543250392197),
2026-01-07 20:20:33,218 [INFO] 	         (8, 133.54645805382856),
2026-01-07 20:20:33,218 [INFO] 	         (9, 131.2198729130664),
2026-01-07 20:20:33,218 [INFO] 	         (10, 131.85346898803272),
2026-01-07 20:20:33,218 [INFO] 	         (11, 132.2371451036576),
2026-01-07 20:20:33,218 [INFO] 	         (12, 136.69921264206047),
2026-01-07 20:20:33,219 [INFO] 	         (13, 129.5778722535071),
2026-01-07 20:20:33,219 [INFO] 	         (14, 127.71377766798878),
2026-01-07 20:20:33,219 [INFO] 	         (15, 128.40292287766798),
2026-01-07 20:20:33,219 [INFO] 	         (16, 126.78949803265202),
2026-01-07 20:20:33,219 [INFO] 	         (17, 126.73641845001733),
2026-01-07 20:20:33,219 [INFO] 	         (18, 123.73439297317694),
2026-01-07 20:20:33,219 [INFO] 	         (19, 125.10444538594385),
2026-01-07 20:20:33,219 [INFO] 	         (20, 128.6110739237488),
2026-01-07 20:20:33,219 [INFO] 	         (21, 126.9732000308434),
2026-01-07 20:20:33,219 [INFO] 	         (22, 124.49679374219517),
2026-01-07 20:20:33,219 [INFO] 	         (23, 122.77420960835204),
2026-01-07 20:20:33,219 [INFO] 	         (24, 127.3017711614),
2026-01-07 20:20:33,219 [INFO] 	         (25, 130.1199026213981),
2026-01-07 20:20:33,219 [INFO] 	         (26, 127.94119364702365),
2026-01-07 20:20:33,219 [INFO] 	         (27, 124.2108268406512),
2026-01-07 20:20:33,219 [INFO] 	         (28, 123.12874761155501),
2026-01-07 20:20:33,219 [INFO] 	         (29, 122.2881841202165),
2026-01-07 20:20:33,219 [INFO] 	         (30, 123.13758219879267)],
2026-01-07 20:20:33,219 [INFO] 	 'rmse': [(1, 14.578021108287587),
2026-01-07 20:20:33,219 [INFO] 	          (2, 12.709981705906554),
2026-01-07 20:20:33,219 [INFO] 	          (3, 12.479623964245294),
2026-01-07 20:20:33,219 [INFO] 	          (4, 12.271868959214126),
2026-01-07 20:20:33,219 [INFO] 	          (5, 11.966333023799335),
2026-01-07 20:20:33,220 [INFO] 	          (6, 11.947595573514562),
2026-01-07 20:20:33,220 [INFO] 	          (7, 11.724091650922032),
2026-01-07 20:20:33,220 [INFO] 	          (8, 11.556230270024415),
2026-01-07 20:20:33,220 [INFO] 	          (9, 11.455124308058224),
2026-01-07 20:20:33,220 [INFO] 	          (10, 11.482746578586184),
2026-01-07 20:20:33,220 [INFO] 	          (11, 11.499441077881029),
2026-01-07 20:20:33,220 [INFO] 	          (12, 11.691843851252054),
2026-01-07 20:20:33,220 [INFO] 	          (13, 11.38322767291892),
2026-01-07 20:20:33,220 [INFO] 	          (14, 11.301052060228233),
2026-01-07 20:20:33,220 [INFO] 	          (15, 11.331501351439181),
2026-01-07 20:20:33,220 [INFO] 	          (16, 11.260084281773917),
2026-01-07 20:20:33,220 [INFO] 	          (17, 11.257727055228214),
2026-01-07 20:20:33,220 [INFO] 	          (18, 11.123596224835605),
2026-01-07 20:20:33,220 [INFO] 	          (19, 11.185009851848314),
2026-01-07 20:20:33,220 [INFO] 	          (20, 11.340682251247003),
2026-01-07 20:20:33,220 [INFO] 	          (21, 11.268238550494189),
2026-01-07 20:20:33,220 [INFO] 	          (22, 11.15781312543794),
2026-01-07 20:20:33,220 [INFO] 	          (23, 11.08035241354498),
2026-01-07 20:20:33,220 [INFO] 	          (24, 11.282808655711573),
2026-01-07 20:20:33,220 [INFO] 	          (25, 11.407011116913935),
2026-01-07 20:20:33,220 [INFO] 	          (26, 11.311109302231309),
2026-01-07 20:20:33,220 [INFO] 	          (27, 11.14499110994043),
2026-01-07 20:20:33,220 [INFO] 	          (28, 11.096339378892258),
2026-01-07 20:20:33,221 [INFO] 	          (29, 11.058398804538408),
2026-01-07 20:20:33,221 [INFO] 	          (30, 11.0967374574148)]}
2026-01-07 20:20:33,221 [INFO] 
2026-01-07 20:22:53,603 [INFO] Starting Flower server, config: num_rounds=30, no round_timeout
2026-01-07 20:22:53,615 [INFO] Flower ECE: gRPC server running (30 rounds), SSL is disabled
2026-01-07 20:22:53,616 [INFO] [INIT]
2026-01-07 20:22:53,616 [INFO] Using initial global parameters provided by strategy
2026-01-07 20:22:53,616 [INFO] Evaluating initial global parameters
2026-01-07 20:22:53,616 [INFO] 
2026-01-07 20:22:53,616 [INFO] [ROUND 1]
2026-01-07 20:24:26,094 [ERROR] Exception iterating responses: 
Traceback (most recent call last):
  File "/home/xiaoyan/hmm/venv/lib/python3.12/site-packages/grpc/_server.py", line 652, in _take_response_from_response_iterator
    return next(response_iterator), True
           ^^^^^^^^^^^^^^^^^^^^^^^
  File "/home/xiaoyan/hmm/venv/lib/python3.12/site-packages/flwr/server/superlink/fleet/grpc_bidi/flower_service_servicer.py", line 117, in Join
    ins_wrapper: InsWrapper = next(ins_wrapper_iterator)
                              ^^^^^^^^^^^^^^^^^^^^^^^^^^
  File "/home/xiaoyan/hmm/venv/lib/python3.12/site-packages/flwr/server/superlink/fleet/grpc_bidi/grpc_bridge.py", line 165, in ins_wrapper_iterator
    self._raise_if_closed()
  File "/home/xiaoyan/hmm/venv/lib/python3.12/site-packages/flwr/server/superlink/fleet/grpc_bidi/grpc_bridge.py", line 81, in _raise_if_closed
    raise GrpcBridgeClosed()
flwr.server.superlink.fleet.grpc_bidi.grpc_bridge.GrpcBridgeClosed
2026-01-07 20:24:34,271 [INFO] Starting Flower server, config: num_rounds=30, no round_timeout
2026-01-07 20:24:34,280 [INFO] Flower ECE: gRPC server running (30 rounds), SSL is disabled
2026-01-07 20:24:34,280 [INFO] [INIT]
2026-01-07 20:24:34,280 [INFO] Using initial global parameters provided by strategy
2026-01-07 20:24:34,280 [INFO] Evaluating initial global parameters
2026-01-07 20:24:34,280 [INFO] 
2026-01-07 20:24:34,280 [INFO] [ROUND 1]
2026-01-07 20:25:27,851 [INFO] configure_fit: strategy sampled 20 clients (out of 20)
2026-01-07 20:25:27,882 [INFO] aggregate_fit: received 0 results and 20 failures
2026-01-07 20:27:03,643 [INFO] Starting Flower server, config: num_rounds=30, no round_timeout
2026-01-07 20:27:03,651 [INFO] Flower ECE: gRPC server running (30 rounds), SSL is disabled
2026-01-07 20:27:03,652 [INFO] [INIT]
2026-01-07 20:27:03,652 [INFO] Using initial global parameters provided by strategy
2026-01-07 20:27:03,652 [INFO] Evaluating initial global parameters
2026-01-07 20:27:03,652 [INFO] 
2026-01-07 20:27:03,652 [INFO] [ROUND 1]
2026-01-07 20:27:18,663 [INFO] configure_fit: strategy sampled 20 clients (out of 20)
2026-01-07 20:27:23,329 [INFO] aggregate_fit: received 20 results and 0 failures
2026-01-07 20:27:23,344 [WARNING] No fit_metrics_aggregation_fn provided
2026-01-07 20:27:23,346 [INFO] configure_evaluate: strategy sampled 28 clients (out of 28)
2026-01-07 20:27:23,615 [INFO] aggregate_evaluate: received 28 results and 0 failures
2026-01-07 20:27:23,616 [INFO] Round aggregated metrics -> mse: 842.0170  rmse: 29.0175  mae: 18.4157
2026-01-07 20:27:23,616 [INFO] 
2026-01-07 20:27:23,616 [INFO] [ROUND 2]
2026-01-07 20:27:23,616 [INFO] configure_fit: strategy sampled 28 clients (out of 28)
2026-01-07 20:27:28,670 [INFO] aggregate_fit: received 28 results and 0 failures
2026-01-07 20:27:28,692 [INFO] configure_evaluate: strategy sampled 28 clients (out of 28)
2026-01-07 20:27:28,931 [INFO] aggregate_evaluate: received 28 results and 0 failures
2026-01-07 20:27:28,931 [INFO] Round aggregated metrics -> mse: 246.7842  rmse: 15.7094  mae: 9.0048
2026-01-07 20:27:28,931 [INFO] 
2026-01-07 20:27:28,931 [INFO] [ROUND 3]
2026-01-07 20:27:28,931 [INFO] configure_fit: strategy sampled 28 clients (out of 28)
2026-01-07 20:27:33,777 [INFO] aggregate_fit: received 28 results and 0 failures
2026-01-07 20:27:33,799 [INFO] configure_evaluate: strategy sampled 28 clients (out of 28)
2026-01-07 20:27:34,039 [INFO] aggregate_evaluate: received 28 results and 0 failures
2026-01-07 20:27:34,039 [INFO] Round aggregated metrics -> mse: 206.6056  rmse: 14.3738  mae: 7.6263
2026-01-07 20:27:34,039 [INFO] 
2026-01-07 20:27:34,039 [INFO] [ROUND 4]
2026-01-07 20:27:34,039 [INFO] configure_fit: strategy sampled 28 clients (out of 28)
2026-01-07 20:27:38,870 [INFO] aggregate_fit: received 28 results and 0 failures
2026-01-07 20:27:38,891 [INFO] configure_evaluate: strategy sampled 28 clients (out of 28)
2026-01-07 20:27:39,131 [INFO] aggregate_evaluate: received 28 results and 0 failures
2026-01-07 20:27:39,131 [INFO] Round aggregated metrics -> mse: 421.4777  rmse: 20.5299  mae: 12.4790
2026-01-07 20:27:39,132 [INFO] 
2026-01-07 20:27:39,132 [INFO] [ROUND 5]
2026-01-07 20:27:39,132 [INFO] configure_fit: strategy sampled 28 clients (out of 28)
2026-01-07 20:27:43,959 [INFO] aggregate_fit: received 28 results and 0 failures
2026-01-07 20:27:43,980 [INFO] configure_evaluate: strategy sampled 28 clients (out of 28)
2026-01-07 20:27:44,220 [INFO] aggregate_evaluate: received 28 results and 0 failures
2026-01-07 20:27:44,220 [INFO] Round aggregated metrics -> mse: 357.9876  rmse: 18.9206  mae: 11.1717
2026-01-07 20:27:44,220 [INFO] 
2026-01-07 20:27:44,221 [INFO] [ROUND 6]
2026-01-07 20:27:44,221 [INFO] configure_fit: strategy sampled 28 clients (out of 28)
2026-01-07 20:27:49,095 [INFO] aggregate_fit: received 28 results and 0 failures
2026-01-07 20:27:49,117 [INFO] configure_evaluate: strategy sampled 28 clients (out of 28)
2026-01-07 20:27:49,356 [INFO] aggregate_evaluate: received 28 results and 0 failures
2026-01-07 20:27:49,357 [INFO] Round aggregated metrics -> mse: 268.9705  rmse: 16.4003  mae: 8.5528
2026-01-07 20:27:49,357 [INFO] 
2026-01-07 20:27:49,357 [INFO] [ROUND 7]
2026-01-07 20:27:49,357 [INFO] configure_fit: strategy sampled 28 clients (out of 28)
2026-01-07 20:27:54,233 [INFO] aggregate_fit: received 28 results and 0 failures
2026-01-07 20:27:54,257 [INFO] configure_evaluate: strategy sampled 28 clients (out of 28)
2026-01-07 20:27:54,496 [INFO] aggregate_evaluate: received 28 results and 0 failures
2026-01-07 20:27:54,496 [INFO] Round aggregated metrics -> mse: 250.5637  rmse: 15.8292  mae: 7.9057
2026-01-07 20:27:54,496 [INFO] 
2026-01-07 20:27:54,496 [INFO] [ROUND 8]
2026-01-07 20:27:54,497 [INFO] configure_fit: strategy sampled 28 clients (out of 28)
2026-01-07 20:27:59,353 [INFO] aggregate_fit: received 28 results and 0 failures
2026-01-07 20:27:59,378 [INFO] configure_evaluate: strategy sampled 28 clients (out of 28)
2026-01-07 20:27:59,619 [INFO] aggregate_evaluate: received 28 results and 0 failures
2026-01-07 20:27:59,619 [INFO] Round aggregated metrics -> mse: 234.7171  rmse: 15.3205  mae: 7.8213
2026-01-07 20:27:59,619 [INFO] 
2026-01-07 20:27:59,620 [INFO] [ROUND 9]
2026-01-07 20:27:59,620 [INFO] configure_fit: strategy sampled 28 clients (out of 28)
2026-01-07 20:28:04,471 [INFO] aggregate_fit: received 28 results and 0 failures
2026-01-07 20:28:04,491 [INFO] configure_evaluate: strategy sampled 28 clients (out of 28)
2026-01-07 20:28:04,731 [INFO] aggregate_evaluate: received 28 results and 0 failures
2026-01-07 20:28:04,731 [INFO] Round aggregated metrics -> mse: 215.5723  rmse: 14.6824  mae: 7.3473
2026-01-07 20:28:04,731 [INFO] 
2026-01-07 20:28:04,732 [INFO] [ROUND 10]
2026-01-07 20:28:04,732 [INFO] configure_fit: strategy sampled 28 clients (out of 28)
2026-01-07 20:28:09,589 [INFO] aggregate_fit: received 28 results and 0 failures
2026-01-07 20:28:09,612 [INFO] configure_evaluate: strategy sampled 28 clients (out of 28)
2026-01-07 20:28:09,853 [INFO] aggregate_evaluate: received 28 results and 0 failures
2026-01-07 20:28:09,854 [INFO] Round aggregated metrics -> mse: 215.2220  rmse: 14.6704  mae: 7.2627
2026-01-07 20:28:09,854 [INFO] 
2026-01-07 20:28:09,854 [INFO] [ROUND 11]
2026-01-07 20:28:09,854 [INFO] configure_fit: strategy sampled 28 clients (out of 28)
2026-01-07 20:28:14,720 [INFO] aggregate_fit: received 28 results and 0 failures
2026-01-07 20:28:14,743 [INFO] configure_evaluate: strategy sampled 28 clients (out of 28)
2026-01-07 20:28:14,986 [INFO] aggregate_evaluate: received 28 results and 0 failures
2026-01-07 20:28:14,986 [INFO] Round aggregated metrics -> mse: 222.1903  rmse: 14.9060  mae: 7.5332
2026-01-07 20:28:14,986 [INFO] 
2026-01-07 20:28:14,986 [INFO] [ROUND 12]
2026-01-07 20:28:14,987 [INFO] configure_fit: strategy sampled 28 clients (out of 28)
2026-01-07 20:28:19,878 [INFO] aggregate_fit: received 28 results and 0 failures
2026-01-07 20:28:19,956 [INFO] configure_evaluate: strategy sampled 28 clients (out of 28)
2026-01-07 20:28:20,201 [INFO] aggregate_evaluate: received 28 results and 0 failures
2026-01-07 20:28:20,201 [INFO] Round aggregated metrics -> mse: 204.0522  rmse: 14.2847  mae: 7.2818
2026-01-07 20:28:20,201 [INFO] 
2026-01-07 20:28:20,201 [INFO] [ROUND 13]
2026-01-07 20:28:20,202 [INFO] configure_fit: strategy sampled 28 clients (out of 28)
2026-01-07 20:28:25,065 [INFO] aggregate_fit: received 28 results and 0 failures
2026-01-07 20:28:25,085 [INFO] configure_evaluate: strategy sampled 28 clients (out of 28)
2026-01-07 20:28:25,326 [INFO] aggregate_evaluate: received 28 results and 0 failures
2026-01-07 20:28:25,327 [INFO] Round aggregated metrics -> mse: 168.8707  rmse: 12.9950  mae: 6.4806
2026-01-07 20:28:25,327 [INFO] 
2026-01-07 20:28:25,327 [INFO] [ROUND 14]
2026-01-07 20:28:25,327 [INFO] configure_fit: strategy sampled 28 clients (out of 28)
2026-01-07 20:28:30,210 [INFO] aggregate_fit: received 28 results and 0 failures
2026-01-07 20:28:30,234 [INFO] configure_evaluate: strategy sampled 28 clients (out of 28)
2026-01-07 20:28:30,474 [INFO] aggregate_evaluate: received 28 results and 0 failures
2026-01-07 20:28:30,474 [INFO] Round aggregated metrics -> mse: 143.7025  rmse: 11.9876  mae: 5.6238
2026-01-07 20:28:30,474 [INFO] 
2026-01-07 20:28:30,474 [INFO] [ROUND 15]
2026-01-07 20:28:30,474 [INFO] configure_fit: strategy sampled 28 clients (out of 28)
2026-01-07 20:28:35,350 [INFO] aggregate_fit: received 28 results and 0 failures
2026-01-07 20:28:35,371 [INFO] configure_evaluate: strategy sampled 28 clients (out of 28)
2026-01-07 20:28:35,612 [INFO] aggregate_evaluate: received 28 results and 0 failures
2026-01-07 20:28:35,612 [INFO] Round aggregated metrics -> mse: 135.1178  rmse: 11.6240  mae: 5.0943
2026-01-07 20:28:35,612 [INFO] 
2026-01-07 20:28:35,613 [INFO] [ROUND 16]
2026-01-07 20:28:35,613 [INFO] configure_fit: strategy sampled 28 clients (out of 28)
2026-01-07 20:28:40,477 [INFO] aggregate_fit: received 28 results and 0 failures
2026-01-07 20:28:40,501 [INFO] configure_evaluate: strategy sampled 28 clients (out of 28)
2026-01-07 20:28:40,744 [INFO] aggregate_evaluate: received 28 results and 0 failures
2026-01-07 20:28:40,744 [INFO] Round aggregated metrics -> mse: 129.1805  rmse: 11.3658  mae: 4.7699
2026-01-07 20:28:40,744 [INFO] 
2026-01-07 20:28:40,744 [INFO] [ROUND 17]
2026-01-07 20:28:40,745 [INFO] configure_fit: strategy sampled 28 clients (out of 28)
2026-01-07 20:28:45,614 [INFO] aggregate_fit: received 28 results and 0 failures
2026-01-07 20:28:45,635 [INFO] configure_evaluate: strategy sampled 28 clients (out of 28)
2026-01-07 20:28:45,877 [INFO] aggregate_evaluate: received 28 results and 0 failures
2026-01-07 20:28:45,878 [INFO] Round aggregated metrics -> mse: 125.6346  rmse: 11.2087  mae: 4.7390
2026-01-07 20:28:45,878 [INFO] 
2026-01-07 20:28:45,878 [INFO] [ROUND 18]
2026-01-07 20:28:45,878 [INFO] configure_fit: strategy sampled 28 clients (out of 28)
2026-01-07 20:28:50,762 [INFO] aggregate_fit: received 28 results and 0 failures
2026-01-07 20:28:50,784 [INFO] configure_evaluate: strategy sampled 28 clients (out of 28)
2026-01-07 20:28:51,026 [INFO] aggregate_evaluate: received 28 results and 0 failures
2026-01-07 20:28:51,026 [INFO] Round aggregated metrics -> mse: 137.1125  rmse: 11.7095  mae: 5.2841
2026-01-07 20:28:51,026 [INFO] 
2026-01-07 20:28:51,026 [INFO] [ROUND 19]
2026-01-07 20:28:51,027 [INFO] configure_fit: strategy sampled 28 clients (out of 28)
2026-01-07 20:28:55,938 [INFO] aggregate_fit: received 28 results and 0 failures
2026-01-07 20:28:55,961 [INFO] configure_evaluate: strategy sampled 28 clients (out of 28)
2026-01-07 20:28:56,204 [INFO] aggregate_evaluate: received 28 results and 0 failures
2026-01-07 20:28:56,204 [INFO] Round aggregated metrics -> mse: 157.9542  rmse: 12.5680  mae: 6.1107
2026-01-07 20:28:56,204 [INFO] 
2026-01-07 20:28:56,205 [INFO] [ROUND 20]
2026-01-07 20:28:56,205 [INFO] configure_fit: strategy sampled 28 clients (out of 28)
2026-01-07 20:29:01,102 [INFO] aggregate_fit: received 28 results and 0 failures
2026-01-07 20:29:01,124 [INFO] configure_evaluate: strategy sampled 28 clients (out of 28)
2026-01-07 20:29:01,369 [INFO] aggregate_evaluate: received 28 results and 0 failures
2026-01-07 20:29:01,369 [INFO] Round aggregated metrics -> mse: 165.9635  rmse: 12.8827  mae: 6.4583
2026-01-07 20:29:01,369 [INFO] 
2026-01-07 20:29:01,369 [INFO] [ROUND 21]
2026-01-07 20:29:01,370 [INFO] configure_fit: strategy sampled 28 clients (out of 28)
2026-01-07 20:29:06,269 [INFO] aggregate_fit: received 28 results and 0 failures
2026-01-07 20:29:06,290 [INFO] configure_evaluate: strategy sampled 28 clients (out of 28)
2026-01-07 20:29:06,535 [INFO] aggregate_evaluate: received 28 results and 0 failures
2026-01-07 20:29:06,535 [INFO] Round aggregated metrics -> mse: 155.5291  rmse: 12.4711  mae: 6.1369
2026-01-07 20:29:06,535 [INFO] 
2026-01-07 20:29:06,535 [INFO] [ROUND 22]
2026-01-07 20:29:06,536 [INFO] configure_fit: strategy sampled 28 clients (out of 28)
2026-01-07 20:29:11,452 [INFO] aggregate_fit: received 28 results and 0 failures
2026-01-07 20:29:11,474 [INFO] configure_evaluate: strategy sampled 28 clients (out of 28)
2026-01-07 20:29:11,717 [INFO] aggregate_evaluate: received 28 results and 0 failures
2026-01-07 20:29:11,717 [INFO] Round aggregated metrics -> mse: 142.0603  rmse: 11.9189  mae: 5.6253
2026-01-07 20:29:11,717 [INFO] 
2026-01-07 20:29:11,718 [INFO] [ROUND 23]
2026-01-07 20:29:11,718 [INFO] configure_fit: strategy sampled 28 clients (out of 28)
2026-01-07 20:29:16,603 [INFO] aggregate_fit: received 28 results and 0 failures
2026-01-07 20:29:16,625 [INFO] configure_evaluate: strategy sampled 28 clients (out of 28)
2026-01-07 20:29:16,867 [INFO] aggregate_evaluate: received 28 results and 0 failures
2026-01-07 20:29:16,868 [INFO] Round aggregated metrics -> mse: 132.4132  rmse: 11.5071  mae: 5.1661
2026-01-07 20:29:16,868 [INFO] 
2026-01-07 20:29:16,868 [INFO] [ROUND 24]
2026-01-07 20:29:16,868 [INFO] configure_fit: strategy sampled 28 clients (out of 28)
2026-01-07 20:29:21,766 [INFO] aggregate_fit: received 28 results and 0 failures
2026-01-07 20:29:21,787 [INFO] configure_evaluate: strategy sampled 28 clients (out of 28)
2026-01-07 20:29:22,030 [INFO] aggregate_evaluate: received 28 results and 0 failures
2026-01-07 20:29:22,030 [INFO] Round aggregated metrics -> mse: 128.2094  rmse: 11.3230  mae: 4.9546
2026-01-07 20:29:22,030 [INFO] 
2026-01-07 20:29:22,030 [INFO] [ROUND 25]
2026-01-07 20:29:22,030 [INFO] configure_fit: strategy sampled 28 clients (out of 28)
2026-01-07 20:29:26,934 [INFO] aggregate_fit: received 28 results and 0 failures
2026-01-07 20:29:26,957 [INFO] configure_evaluate: strategy sampled 28 clients (out of 28)
2026-01-07 20:29:27,202 [INFO] aggregate_evaluate: received 28 results and 0 failures
2026-01-07 20:29:27,202 [INFO] Round aggregated metrics -> mse: 125.7325  rmse: 11.2130  mae: 4.8543
2026-01-07 20:29:27,202 [INFO] 
2026-01-07 20:29:27,202 [INFO] [ROUND 26]
2026-01-07 20:29:27,203 [INFO] configure_fit: strategy sampled 28 clients (out of 28)
2026-01-07 20:29:32,088 [INFO] aggregate_fit: received 28 results and 0 failures
2026-01-07 20:29:32,107 [INFO] configure_evaluate: strategy sampled 28 clients (out of 28)
2026-01-07 20:29:32,351 [INFO] aggregate_evaluate: received 28 results and 0 failures
2026-01-07 20:29:32,351 [INFO] Round aggregated metrics -> mse: 123.8431  rmse: 11.1285  mae: 4.8020
2026-01-07 20:29:32,351 [INFO] 
2026-01-07 20:29:32,351 [INFO] [ROUND 27]
2026-01-07 20:29:32,352 [INFO] configure_fit: strategy sampled 28 clients (out of 28)
2026-01-07 20:29:37,266 [INFO] aggregate_fit: received 28 results and 0 failures
2026-01-07 20:29:37,288 [INFO] configure_evaluate: strategy sampled 28 clients (out of 28)
2026-01-07 20:29:37,532 [INFO] aggregate_evaluate: received 28 results and 0 failures
2026-01-07 20:29:37,532 [INFO] Round aggregated metrics -> mse: 121.9979  rmse: 11.0453  mae: 4.7380
2026-01-07 20:29:37,532 [INFO] 
2026-01-07 20:29:37,532 [INFO] [ROUND 28]
2026-01-07 20:29:37,533 [INFO] configure_fit: strategy sampled 28 clients (out of 28)
2026-01-07 20:29:42,433 [INFO] aggregate_fit: received 28 results and 0 failures
2026-01-07 20:29:42,454 [INFO] configure_evaluate: strategy sampled 28 clients (out of 28)
2026-01-07 20:29:42,700 [INFO] aggregate_evaluate: received 28 results and 0 failures
2026-01-07 20:29:42,700 [INFO] Round aggregated metrics -> mse: 121.8314  rmse: 11.0377  mae: 4.7545
2026-01-07 20:29:42,700 [INFO] 
2026-01-07 20:29:42,700 [INFO] [ROUND 29]
2026-01-07 20:29:42,700 [INFO] configure_fit: strategy sampled 28 clients (out of 28)
2026-01-07 20:29:47,609 [INFO] aggregate_fit: received 28 results and 0 failures
2026-01-07 20:29:47,631 [INFO] configure_evaluate: strategy sampled 28 clients (out of 28)
2026-01-07 20:29:47,874 [INFO] aggregate_evaluate: received 28 results and 0 failures
2026-01-07 20:29:47,874 [INFO] Round aggregated metrics -> mse: 123.9966  rmse: 11.1354  mae: 4.8953
2026-01-07 20:29:47,875 [INFO] 
2026-01-07 20:29:47,875 [INFO] [ROUND 30]
2026-01-07 20:29:47,875 [INFO] configure_fit: strategy sampled 28 clients (out of 28)
2026-01-07 20:29:52,764 [INFO] aggregate_fit: received 28 results and 0 failures
2026-01-07 20:29:52,785 [INFO] configure_evaluate: strategy sampled 28 clients (out of 28)
2026-01-07 20:29:53,028 [INFO] aggregate_evaluate: received 28 results and 0 failures
2026-01-07 20:29:53,029 [INFO] Round aggregated metrics -> mse: 127.6595  rmse: 11.2987  mae: 5.1010
2026-01-07 20:29:53,030 [INFO] 
2026-01-07 20:29:53,030 [INFO] [SUMMARY]
2026-01-07 20:29:53,030 [INFO] Run finished 30 rounds in 169.38s
2026-01-07 20:29:53,031 [INFO] History (loss, distributed):
2026-01-07 20:29:53,031 [INFO] 	('\tround 1: 842.0169650651685\n'
2026-01-07 20:29:53,031 [INFO] 	 '\tround 2: 246.78421012454902\n'
2026-01-07 20:29:53,031 [INFO] 	 '\tround 3: 206.60560045861848\n'
2026-01-07 20:29:53,031 [INFO] 	 '\tround 4: 421.47769274479964\n'
2026-01-07 20:29:53,032 [INFO] 	 '\tround 5: 357.98755395051865\n'
2026-01-07 20:29:53,032 [INFO] 	 '\tround 6: 268.97052562138447\n'
2026-01-07 20:29:53,032 [INFO] 	 '\tround 7: 250.5636762300836\n'
2026-01-07 20:29:53,032 [INFO] 	 '\tround 8: 234.71711653585723\n'
2026-01-07 20:29:53,032 [INFO] 	 '\tround 9: 215.57230351683637\n'
2026-01-07 20:29:53,032 [INFO] 	 '\tround 10: 215.22198823665283\n'
2026-01-07 20:29:53,032 [INFO] 	 '\tround 11: 222.19030093283527\n'
2026-01-07 20:29:53,032 [INFO] 	 '\tround 12: 204.05224501616794\n'
2026-01-07 20:29:53,032 [INFO] 	 '\tround 13: 168.8706726224241\n'
2026-01-07 20:29:53,032 [INFO] 	 '\tround 14: 143.70253268110983\n'
2026-01-07 20:29:53,032 [INFO] 	 '\tround 15: 135.11783187155544\n'
2026-01-07 20:29:53,032 [INFO] 	 '\tround 16: 129.18053635138094\n'
2026-01-07 20:29:53,032 [INFO] 	 '\tround 17: 125.63458296790459\n'
2026-01-07 20:29:53,032 [INFO] 	 '\tround 18: 137.112450109175\n'
2026-01-07 20:29:53,032 [INFO] 	 '\tround 19: 157.95424768697438\n'
2026-01-07 20:29:53,032 [INFO] 	 '\tround 20: 165.9634841287715\n'
2026-01-07 20:29:53,032 [INFO] 	 '\tround 21: 155.529083793148\n'
2026-01-07 20:29:53,032 [INFO] 	 '\tround 22: 142.0602980953198\n'
2026-01-07 20:29:53,032 [INFO] 	 '\tround 23: 132.4132436378957\n'
2026-01-07 20:29:53,032 [INFO] 	 '\tround 24: 128.20942135850407\n'
2026-01-07 20:29:53,032 [INFO] 	 '\tround 25: 125.7324746530281\n'
2026-01-07 20:29:53,033 [INFO] 	 '\tround 26: 123.84314434395593\n'
2026-01-07 20:29:53,033 [INFO] 	 '\tround 27: 121.99793341441728\n'
2026-01-07 20:29:53,033 [INFO] 	 '\tround 28: 121.83140054935167\n'
2026-01-07 20:29:53,033 [INFO] 	 '\tround 29: 123.99656054074343\n'
2026-01-07 20:29:53,033 [INFO] 	 '\tround 30: 127.65949911802433\n')History (metrics, distributed, evaluate):
2026-01-07 20:29:53,033 [INFO] 	{'mae': [(1, 18.41566479066771),
2026-01-07 20:29:53,033 [INFO] 	         (2, 9.004820656997692),
2026-01-07 20:29:53,033 [INFO] 	         (3, 7.626328470671974),
2026-01-07 20:29:53,033 [INFO] 	         (4, 12.478995054359288),
2026-01-07 20:29:53,033 [INFO] 	         (5, 11.171742892628629),
2026-01-07 20:29:53,033 [INFO] 	         (6, 8.55278470934694),
2026-01-07 20:29:53,033 [INFO] 	         (7, 7.905704517849643),
2026-01-07 20:29:53,033 [INFO] 	         (8, 7.82126817465047),
2026-01-07 20:29:53,033 [INFO] 	         (9, 7.347327355749557),
2026-01-07 20:29:53,033 [INFO] 	         (10, 7.262707080784246),
2026-01-07 20:29:53,033 [INFO] 	         (11, 7.533223151860163),
2026-01-07 20:29:53,033 [INFO] 	         (12, 7.2818113517367875),
2026-01-07 20:29:53,033 [INFO] 	         (13, 6.4806223132542575),
2026-01-07 20:29:53,033 [INFO] 	         (14, 5.623796002893247),
2026-01-07 20:29:53,033 [INFO] 	         (15, 5.0943369319087095),
2026-01-07 20:29:53,033 [INFO] 	         (16, 4.769872745797789),
2026-01-07 20:29:53,033 [INFO] 	         (17, 4.738982309205722),
2026-01-07 20:29:53,034 [INFO] 	         (18, 5.284112394347746),
2026-01-07 20:29:53,034 [INFO] 	         (19, 6.110736621644495),
2026-01-07 20:29:53,034 [INFO] 	         (20, 6.4583119520564125),
2026-01-07 20:29:53,034 [INFO] 	         (21, 6.136917322928702),
2026-01-07 20:29:53,034 [INFO] 	         (22, 5.625324497301572),
2026-01-07 20:29:53,034 [INFO] 	         (23, 5.16605850791953),
2026-01-07 20:29:53,034 [INFO] 	         (24, 4.954634188868167),
2026-01-07 20:29:53,034 [INFO] 	         (25, 4.8543255444271205),
2026-01-07 20:29:53,034 [INFO] 	         (26, 4.801979764025765),
2026-01-07 20:29:53,034 [INFO] 	         (27, 4.737958963178474),
2026-01-07 20:29:53,034 [INFO] 	         (28, 4.754482867846677),
2026-01-07 20:29:53,034 [INFO] 	         (29, 4.895330874636892),
2026-01-07 20:29:53,034 [INFO] 	         (30, 5.101025917762796)],
2026-01-07 20:29:53,034 [INFO] 	 'mse': [(1, 842.0169622352728),
2026-01-07 20:29:53,034 [INFO] 	         (2, 246.78420805423005),
2026-01-07 20:29:53,034 [INFO] 	         (3, 206.6055997042728),
2026-01-07 20:29:53,034 [INFO] 	         (4, 421.47769373442253),
2026-01-07 20:29:53,034 [INFO] 	         (5, 357.987554121083),
2026-01-07 20:29:53,034 [INFO] 	         (6, 268.9705283328176),
2026-01-07 20:29:53,034 [INFO] 	         (7, 250.56367642943954),
2026-01-07 20:29:53,034 [INFO] 	         (8, 234.71711579456885),
2026-01-07 20:29:53,034 [INFO] 	         (9, 215.57230206291464),
2026-01-07 20:29:53,034 [INFO] 	         (10, 215.22199008289442),
2026-01-07 20:29:53,034 [INFO] 	         (11, 222.19029921822175),
2026-01-07 20:29:53,035 [INFO] 	         (12, 204.05224556775846),
2026-01-07 20:29:53,035 [INFO] 	         (13, 168.8706748172518),
2026-01-07 20:29:53,035 [INFO] 	         (14, 143.70253081921587),
2026-01-07 20:29:53,035 [INFO] 	         (15, 135.11783136328037),
2026-01-07 20:29:53,035 [INFO] 	         (16, 129.18053451149044),
2026-01-07 20:29:53,035 [INFO] 	         (17, 125.63458466023124),
2026-01-07 20:29:53,035 [INFO] 	         (18, 137.11245099834136),
2026-01-07 20:29:53,035 [INFO] 	         (19, 157.95424706099587),
2026-01-07 20:29:53,035 [INFO] 	         (20, 165.96348286686103),
2026-01-07 20:29:53,035 [INFO] 	         (21, 155.52908424719294),
2026-01-07 20:29:53,035 [INFO] 	         (22, 142.0602978521106),
2026-01-07 20:29:53,035 [INFO] 	         (23, 132.4132425361268),
2026-01-07 20:29:53,035 [INFO] 	         (24, 128.20942106807826),
2026-01-07 20:29:53,035 [INFO] 	         (25, 125.73247618999206),
2026-01-07 20:29:53,035 [INFO] 	         (26, 123.84314491786233),
2026-01-07 20:29:53,035 [INFO] 	         (27, 121.99793389468265),
2026-01-07 20:29:53,035 [INFO] 	         (28, 121.83140068975176),
2026-01-07 20:29:53,035 [INFO] 	         (29, 123.99656071973833),
2026-01-07 20:29:53,035 [INFO] 	         (30, 127.65949750791016)],
2026-01-07 20:29:53,035 [INFO] 	 'rmse': [(1, 29.017528534237247),
2026-01-07 20:29:53,035 [INFO] 	          (2, 15.70936688903248),
2026-01-07 20:29:53,035 [INFO] 	          (3, 14.373781677216083),
2026-01-07 20:29:53,035 [INFO] 	          (4, 20.529921912526177),
2026-01-07 20:29:53,035 [INFO] 	          (5, 18.920559032995907),
2026-01-07 20:29:53,036 [INFO] 	          (6, 16.40032098261548),
2026-01-07 20:29:53,036 [INFO] 	          (7, 15.829203278416749),
2026-01-07 20:29:53,036 [INFO] 	          (8, 15.320480272973457),
2026-01-07 20:29:53,036 [INFO] 	          (9, 14.68238066741612),
2026-01-07 20:29:53,036 [INFO] 	          (10, 14.67044614464381),
2026-01-07 20:29:53,036 [INFO] 	          (11, 14.906049081437434),
2026-01-07 20:29:53,036 [INFO] 	          (12, 14.28468570069914),
2026-01-07 20:29:53,036 [INFO] 	          (13, 12.99502500256355),
2026-01-07 20:29:53,036 [INFO] 	          (14, 11.987599043145206),
2026-01-07 20:29:53,036 [INFO] 	          (15, 11.624019587185852),
2026-01-07 20:29:53,036 [INFO] 	          (16, 11.365761501610459),
2026-01-07 20:29:53,036 [INFO] 	          (17, 11.208683449015377),
2026-01-07 20:29:53,036 [INFO] 	          (18, 11.709502593976456),
2026-01-07 20:29:53,036 [INFO] 	          (19, 12.56798500400903),
2026-01-07 20:29:53,036 [INFO] 	          (20, 12.882681509175837),
2026-01-07 20:29:53,036 [INFO] 	          (21, 12.471130030883046),
2026-01-07 20:29:53,036 [INFO] 	          (22, 11.918905060957178),
2026-01-07 20:29:53,036 [INFO] 	          (23, 11.507095312724529),
2026-01-07 20:29:53,036 [INFO] 	          (24, 11.32295990755413),
2026-01-07 20:29:53,036 [INFO] 	          (25, 11.213049370710541),
2026-01-07 20:29:53,036 [INFO] 	          (26, 11.12848349587051),
2026-01-07 20:29:53,036 [INFO] 	          (27, 11.045267488598121),
2026-01-07 20:29:53,036 [INFO] 	          (28, 11.03772624636758),
2026-01-07 20:29:53,036 [INFO] 	          (29, 11.135374296346681),
2026-01-07 20:29:53,037 [INFO] 	          (30, 11.298650251596877)]}
2026-01-07 20:29:53,037 [INFO] 
2026-01-08 05:05:50,828 [INFO] Starting Flower server, config: num_rounds=30, no round_timeout
2026-01-08 05:05:50,837 [INFO] Flower ECE: gRPC server running (30 rounds), SSL is disabled
2026-01-08 05:05:50,837 [INFO] [INIT]
2026-01-08 05:05:50,837 [INFO] Requesting initial parameters from one random client
2026-01-08 05:06:54,982 [INFO] Received initial parameters from one random client
2026-01-08 05:06:54,982 [INFO] Evaluating initial global parameters
2026-01-08 05:06:54,982 [INFO] 
2026-01-08 05:06:54,983 [INFO] [ROUND 1]
2026-01-08 05:06:56,167 [INFO] configure_fit: strategy sampled 20 clients (out of 20)
2026-01-08 05:07:00,195 [INFO] aggregate_fit: received 20 results and 0 failures
2026-01-08 05:07:00,205 [WARNING] No fit_metrics_aggregation_fn provided
2026-01-08 05:07:00,205 [INFO] configure_evaluate: strategy sampled 28 clients (out of 28)
2026-01-08 05:07:00,456 [INFO] aggregate_evaluate: received 28 results and 0 failures
2026-01-08 05:07:00,456 [INFO] Round aggregated metrics -> mse: 241.1175  rmse: 15.5280  mae: 7.7310
2026-01-08 05:07:00,456 [INFO] 
2026-01-08 05:07:00,456 [INFO] [ROUND 2]
2026-01-08 05:07:00,457 [INFO] configure_fit: strategy sampled 28 clients (out of 28)
2026-01-08 05:07:03,924 [INFO] aggregate_fit: received 28 results and 0 failures
2026-01-08 05:07:03,934 [INFO] configure_evaluate: strategy sampled 28 clients (out of 28)
2026-01-08 05:07:04,156 [INFO] aggregate_evaluate: received 28 results and 0 failures
2026-01-08 05:07:04,157 [INFO] Round aggregated metrics -> mse: 168.1125  rmse: 12.9658  mae: 5.8131
2026-01-08 05:07:04,157 [INFO] 
2026-01-08 05:07:04,157 [INFO] [ROUND 3]
2026-01-08 05:07:04,157 [INFO] configure_fit: strategy sampled 28 clients (out of 28)
2026-01-08 05:07:07,324 [INFO] aggregate_fit: received 28 results and 0 failures
2026-01-08 05:07:07,334 [INFO] configure_evaluate: strategy sampled 28 clients (out of 28)
2026-01-08 05:07:07,555 [INFO] aggregate_evaluate: received 28 results and 0 failures
2026-01-08 05:07:07,555 [INFO] Round aggregated metrics -> mse: 157.0507  rmse: 12.5320  mae: 5.3947
2026-01-08 05:07:07,555 [INFO] 
2026-01-08 05:07:07,555 [INFO] [ROUND 4]
2026-01-08 05:07:07,555 [INFO] configure_fit: strategy sampled 28 clients (out of 28)
2026-01-08 05:07:10,723 [INFO] aggregate_fit: received 28 results and 0 failures
2026-01-08 05:07:10,733 [INFO] configure_evaluate: strategy sampled 28 clients (out of 28)
2026-01-08 05:07:10,956 [INFO] aggregate_evaluate: received 28 results and 0 failures
2026-01-08 05:07:10,956 [INFO] Round aggregated metrics -> mse: 148.6068  rmse: 12.1904  mae: 5.0822
2026-01-08 05:07:10,956 [INFO] 
2026-01-08 05:07:10,957 [INFO] [ROUND 5]
2026-01-08 05:07:10,957 [INFO] configure_fit: strategy sampled 28 clients (out of 28)
2026-01-08 05:07:14,138 [INFO] aggregate_fit: received 28 results and 0 failures
2026-01-08 05:07:14,150 [INFO] configure_evaluate: strategy sampled 28 clients (out of 28)
2026-01-08 05:07:14,373 [INFO] aggregate_evaluate: received 28 results and 0 failures
2026-01-08 05:07:14,373 [INFO] Round aggregated metrics -> mse: 146.5554  rmse: 12.1060  mae: 5.0836
2026-01-08 05:07:14,373 [INFO] 
2026-01-08 05:07:14,374 [INFO] [ROUND 6]
2026-01-08 05:07:14,374 [INFO] configure_fit: strategy sampled 28 clients (out of 28)
2026-01-08 05:07:17,554 [INFO] aggregate_fit: received 28 results and 0 failures
2026-01-08 05:07:17,565 [INFO] configure_evaluate: strategy sampled 28 clients (out of 28)
2026-01-08 05:07:17,789 [INFO] aggregate_evaluate: received 28 results and 0 failures
2026-01-08 05:07:17,789 [INFO] Round aggregated metrics -> mse: 144.1774  rmse: 12.0074  mae: 4.9475
2026-01-08 05:07:17,789 [INFO] 
2026-01-08 05:07:17,789 [INFO] [ROUND 7]
2026-01-08 05:07:17,789 [INFO] configure_fit: strategy sampled 28 clients (out of 28)
2026-01-08 05:07:20,959 [INFO] aggregate_fit: received 28 results and 0 failures
2026-01-08 05:07:20,970 [INFO] configure_evaluate: strategy sampled 28 clients (out of 28)
2026-01-08 05:07:21,192 [INFO] aggregate_evaluate: received 28 results and 0 failures
2026-01-08 05:07:21,192 [INFO] Round aggregated metrics -> mse: 141.0860  rmse: 11.8780  mae: 4.9109
2026-01-08 05:07:21,192 [INFO] 
2026-01-08 05:07:21,192 [INFO] [ROUND 8]
2026-01-08 05:07:21,193 [INFO] configure_fit: strategy sampled 28 clients (out of 28)
2026-01-08 05:07:24,368 [INFO] aggregate_fit: received 28 results and 0 failures
2026-01-08 05:07:24,379 [INFO] configure_evaluate: strategy sampled 28 clients (out of 28)
2026-01-08 05:07:24,603 [INFO] aggregate_evaluate: received 28 results and 0 failures
2026-01-08 05:07:24,603 [INFO] Round aggregated metrics -> mse: 137.2048  rmse: 11.7134  mae: 4.7495
2026-01-08 05:07:24,603 [INFO] 
2026-01-08 05:07:24,603 [INFO] [ROUND 9]
2026-01-08 05:07:24,603 [INFO] configure_fit: strategy sampled 28 clients (out of 28)
2026-01-08 05:07:27,800 [INFO] aggregate_fit: received 28 results and 0 failures
2026-01-08 05:07:27,811 [INFO] configure_evaluate: strategy sampled 28 clients (out of 28)
2026-01-08 05:07:28,035 [INFO] aggregate_evaluate: received 28 results and 0 failures
2026-01-08 05:07:28,035 [INFO] Round aggregated metrics -> mse: 134.8596  rmse: 11.6129  mae: 4.6320
2026-01-08 05:07:28,035 [INFO] 
2026-01-08 05:07:28,035 [INFO] [ROUND 10]
2026-01-08 05:07:28,036 [INFO] configure_fit: strategy sampled 28 clients (out of 28)
2026-01-08 05:07:31,212 [INFO] aggregate_fit: received 28 results and 0 failures
2026-01-08 05:07:31,221 [INFO] configure_evaluate: strategy sampled 28 clients (out of 28)
2026-01-08 05:07:31,444 [INFO] aggregate_evaluate: received 28 results and 0 failures
2026-01-08 05:07:31,445 [INFO] Round aggregated metrics -> mse: 133.6736  rmse: 11.5617  mae: 4.5965
2026-01-08 05:07:31,445 [INFO] 
2026-01-08 05:07:31,445 [INFO] [ROUND 11]
2026-01-08 05:07:31,445 [INFO] configure_fit: strategy sampled 28 clients (out of 28)
2026-01-08 05:07:34,642 [INFO] aggregate_fit: received 28 results and 0 failures
2026-01-08 05:07:34,653 [INFO] configure_evaluate: strategy sampled 28 clients (out of 28)
2026-01-08 05:07:34,877 [INFO] aggregate_evaluate: received 28 results and 0 failures
2026-01-08 05:07:34,878 [INFO] Round aggregated metrics -> mse: 132.2024  rmse: 11.4979  mae: 4.5970
2026-01-08 05:07:34,878 [INFO] 
2026-01-08 05:07:34,878 [INFO] [ROUND 12]
2026-01-08 05:07:34,878 [INFO] configure_fit: strategy sampled 28 clients (out of 28)
2026-01-08 05:07:38,073 [INFO] aggregate_fit: received 28 results and 0 failures
2026-01-08 05:07:38,086 [INFO] configure_evaluate: strategy sampled 28 clients (out of 28)
2026-01-08 05:07:38,309 [INFO] aggregate_evaluate: received 28 results and 0 failures
2026-01-08 05:07:38,310 [INFO] Round aggregated metrics -> mse: 134.9891  rmse: 11.6185  mae: 4.7449
2026-01-08 05:07:38,310 [INFO] 
2026-01-08 05:07:38,310 [INFO] [ROUND 13]
2026-01-08 05:07:38,310 [INFO] configure_fit: strategy sampled 28 clients (out of 28)
2026-01-08 05:07:41,509 [INFO] aggregate_fit: received 28 results and 0 failures
2026-01-08 05:07:41,521 [INFO] configure_evaluate: strategy sampled 28 clients (out of 28)
2026-01-08 05:07:41,745 [INFO] aggregate_evaluate: received 28 results and 0 failures
2026-01-08 05:07:41,745 [INFO] Round aggregated metrics -> mse: 128.9660  rmse: 11.3563  mae: 4.5201
2026-01-08 05:07:41,745 [INFO] 
2026-01-08 05:07:41,746 [INFO] [ROUND 14]
2026-01-08 05:07:41,746 [INFO] configure_fit: strategy sampled 28 clients (out of 28)
2026-01-08 05:07:44,939 [INFO] aggregate_fit: received 28 results and 0 failures
2026-01-08 05:07:44,952 [INFO] configure_evaluate: strategy sampled 28 clients (out of 28)
2026-01-08 05:07:45,176 [INFO] aggregate_evaluate: received 28 results and 0 failures
2026-01-08 05:07:45,177 [INFO] Round aggregated metrics -> mse: 127.9573  rmse: 11.3118  mae: 4.5051
2026-01-08 05:07:45,177 [INFO] 
2026-01-08 05:07:45,177 [INFO] [ROUND 15]
2026-01-08 05:07:45,177 [INFO] configure_fit: strategy sampled 28 clients (out of 28)
2026-01-08 05:07:48,368 [INFO] aggregate_fit: received 28 results and 0 failures
2026-01-08 05:07:48,431 [INFO] configure_evaluate: strategy sampled 28 clients (out of 28)
2026-01-08 05:07:48,656 [INFO] aggregate_evaluate: received 28 results and 0 failures
2026-01-08 05:07:48,656 [INFO] Round aggregated metrics -> mse: 129.9458  rmse: 11.3994  mae: 4.6316
2026-01-08 05:07:48,656 [INFO] 
2026-01-08 05:07:48,656 [INFO] [ROUND 16]
2026-01-08 05:07:48,656 [INFO] configure_fit: strategy sampled 28 clients (out of 28)
2026-01-08 05:07:51,844 [INFO] aggregate_fit: received 28 results and 0 failures
2026-01-08 05:07:51,854 [INFO] configure_evaluate: strategy sampled 28 clients (out of 28)
2026-01-08 05:07:52,075 [INFO] aggregate_evaluate: received 28 results and 0 failures
2026-01-08 05:07:52,075 [INFO] Round aggregated metrics -> mse: 127.6262  rmse: 11.2972  mae: 4.5025
2026-01-08 05:07:52,076 [INFO] 
2026-01-08 05:07:52,076 [INFO] [ROUND 17]
2026-01-08 05:07:52,076 [INFO] configure_fit: strategy sampled 28 clients (out of 28)
2026-01-08 05:07:55,259 [INFO] aggregate_fit: received 28 results and 0 failures
2026-01-08 05:07:55,270 [INFO] configure_evaluate: strategy sampled 28 clients (out of 28)
2026-01-08 05:07:55,491 [INFO] aggregate_evaluate: received 28 results and 0 failures
2026-01-08 05:07:55,491 [INFO] Round aggregated metrics -> mse: 126.7813  rmse: 11.2597  mae: 4.4977
2026-01-08 05:07:55,491 [INFO] 
2026-01-08 05:07:55,492 [INFO] [ROUND 18]
2026-01-08 05:07:55,492 [INFO] configure_fit: strategy sampled 28 clients (out of 28)
2026-01-08 05:07:58,658 [INFO] aggregate_fit: received 28 results and 0 failures
2026-01-08 05:07:58,670 [INFO] configure_evaluate: strategy sampled 28 clients (out of 28)
2026-01-08 05:07:58,891 [INFO] aggregate_evaluate: received 28 results and 0 failures
2026-01-08 05:07:58,891 [INFO] Round aggregated metrics -> mse: 127.5875  rmse: 11.2955  mae: 4.5645
2026-01-08 05:07:58,892 [INFO] 
2026-01-08 05:07:58,892 [INFO] [ROUND 19]
2026-01-08 05:07:58,892 [INFO] configure_fit: strategy sampled 28 clients (out of 28)
2026-01-08 05:08:02,066 [INFO] aggregate_fit: received 28 results and 0 failures
2026-01-08 05:08:02,078 [INFO] configure_evaluate: strategy sampled 28 clients (out of 28)
2026-01-08 05:08:02,301 [INFO] aggregate_evaluate: received 28 results and 0 failures
2026-01-08 05:08:02,301 [INFO] Round aggregated metrics -> mse: 128.7568  rmse: 11.3471  mae: 4.6474
2026-01-08 05:08:02,301 [INFO] 
2026-01-08 05:08:02,301 [INFO] [ROUND 20]
2026-01-08 05:08:02,302 [INFO] configure_fit: strategy sampled 28 clients (out of 28)
2026-01-08 05:08:05,471 [INFO] aggregate_fit: received 28 results and 0 failures
2026-01-08 05:08:05,483 [INFO] configure_evaluate: strategy sampled 28 clients (out of 28)
2026-01-08 05:08:05,704 [INFO] aggregate_evaluate: received 28 results and 0 failures
2026-01-08 05:08:05,704 [INFO] Round aggregated metrics -> mse: 130.8490  rmse: 11.4389  mae: 4.7369
2026-01-08 05:08:05,704 [INFO] 
2026-01-08 05:08:05,705 [INFO] [ROUND 21]
2026-01-08 05:08:05,705 [INFO] configure_fit: strategy sampled 28 clients (out of 28)
2026-01-08 05:08:08,874 [INFO] aggregate_fit: received 28 results and 0 failures
2026-01-08 05:08:08,885 [INFO] configure_evaluate: strategy sampled 28 clients (out of 28)
2026-01-08 05:08:09,108 [INFO] aggregate_evaluate: received 28 results and 0 failures
2026-01-08 05:08:09,109 [INFO] Round aggregated metrics -> mse: 129.0877  rmse: 11.3617  mae: 4.6680
2026-01-08 05:08:09,109 [INFO] 
2026-01-08 05:08:09,109 [INFO] [ROUND 22]
2026-01-08 05:08:09,109 [INFO] configure_fit: strategy sampled 28 clients (out of 28)
2026-01-08 05:08:12,276 [INFO] aggregate_fit: received 28 results and 0 failures
2026-01-08 05:08:12,287 [INFO] configure_evaluate: strategy sampled 28 clients (out of 28)
2026-01-08 05:08:12,510 [INFO] aggregate_evaluate: received 28 results and 0 failures
2026-01-08 05:08:12,510 [INFO] Round aggregated metrics -> mse: 128.7726  rmse: 11.3478  mae: 4.6648
2026-01-08 05:08:12,510 [INFO] 
2026-01-08 05:08:12,510 [INFO] [ROUND 23]
2026-01-08 05:08:12,511 [INFO] configure_fit: strategy sampled 28 clients (out of 28)
2026-01-08 05:08:15,693 [INFO] aggregate_fit: received 28 results and 0 failures
2026-01-08 05:08:15,704 [INFO] configure_evaluate: strategy sampled 28 clients (out of 28)
2026-01-08 05:08:15,924 [INFO] aggregate_evaluate: received 28 results and 0 failures
2026-01-08 05:08:15,925 [INFO] Round aggregated metrics -> mse: 124.1955  rmse: 11.1443  mae: 4.4503
2026-01-08 05:08:15,925 [INFO] 
2026-01-08 05:08:15,925 [INFO] [ROUND 24]
2026-01-08 05:08:15,925 [INFO] configure_fit: strategy sampled 28 clients (out of 28)
2026-01-08 05:08:19,104 [INFO] aggregate_fit: received 28 results and 0 failures
2026-01-08 05:08:19,115 [INFO] configure_evaluate: strategy sampled 28 clients (out of 28)
2026-01-08 05:08:19,337 [INFO] aggregate_evaluate: received 28 results and 0 failures
2026-01-08 05:08:19,338 [INFO] Round aggregated metrics -> mse: 126.4081  rmse: 11.2431  mae: 4.5859
2026-01-08 05:08:19,338 [INFO] 
2026-01-08 05:08:19,338 [INFO] [ROUND 25]
2026-01-08 05:08:19,338 [INFO] configure_fit: strategy sampled 28 clients (out of 28)
2026-01-08 05:08:22,533 [INFO] aggregate_fit: received 28 results and 0 failures
2026-01-08 05:08:22,545 [INFO] configure_evaluate: strategy sampled 28 clients (out of 28)
2026-01-08 05:08:22,768 [INFO] aggregate_evaluate: received 28 results and 0 failures
2026-01-08 05:08:22,769 [INFO] Round aggregated metrics -> mse: 126.4400  rmse: 11.2446  mae: 4.6195
2026-01-08 05:08:22,769 [INFO] 
2026-01-08 05:08:22,769 [INFO] [ROUND 26]
2026-01-08 05:08:22,769 [INFO] configure_fit: strategy sampled 28 clients (out of 28)
2026-01-08 05:08:25,951 [INFO] aggregate_fit: received 28 results and 0 failures
2026-01-08 05:08:25,963 [INFO] configure_evaluate: strategy sampled 28 clients (out of 28)
2026-01-08 05:08:26,186 [INFO] aggregate_evaluate: received 28 results and 0 failures
2026-01-08 05:08:26,186 [INFO] Round aggregated metrics -> mse: 126.1830  rmse: 11.2331  mae: 4.6240
2026-01-08 05:08:26,186 [INFO] 
2026-01-08 05:08:26,187 [INFO] [ROUND 27]
2026-01-08 05:08:26,187 [INFO] configure_fit: strategy sampled 28 clients (out of 28)
2026-01-08 05:08:29,354 [INFO] aggregate_fit: received 28 results and 0 failures
2026-01-08 05:08:29,368 [INFO] configure_evaluate: strategy sampled 28 clients (out of 28)
2026-01-08 05:08:29,591 [INFO] aggregate_evaluate: received 28 results and 0 failures
2026-01-08 05:08:29,592 [INFO] Round aggregated metrics -> mse: 125.1672  rmse: 11.1878  mae: 4.6099
2026-01-08 05:08:29,592 [INFO] 
2026-01-08 05:08:29,592 [INFO] [ROUND 28]
2026-01-08 05:08:29,592 [INFO] configure_fit: strategy sampled 28 clients (out of 28)
2026-01-08 05:08:32,774 [INFO] aggregate_fit: received 28 results and 0 failures
2026-01-08 05:08:32,785 [INFO] configure_evaluate: strategy sampled 28 clients (out of 28)
2026-01-08 05:08:33,005 [INFO] aggregate_evaluate: received 28 results and 0 failures
2026-01-08 05:08:33,005 [INFO] Round aggregated metrics -> mse: 124.0476  rmse: 11.1377  mae: 4.5418
2026-01-08 05:08:33,005 [INFO] 
2026-01-08 05:08:33,006 [INFO] [ROUND 29]
2026-01-08 05:08:33,006 [INFO] configure_fit: strategy sampled 28 clients (out of 28)
2026-01-08 05:08:36,202 [INFO] aggregate_fit: received 28 results and 0 failures
2026-01-08 05:08:36,213 [INFO] configure_evaluate: strategy sampled 28 clients (out of 28)
2026-01-08 05:08:36,434 [INFO] aggregate_evaluate: received 28 results and 0 failures
2026-01-08 05:08:36,435 [INFO] Round aggregated metrics -> mse: 124.3391  rmse: 11.1507  mae: 4.5594
2026-01-08 05:08:36,435 [INFO] 
2026-01-08 05:08:36,435 [INFO] [ROUND 30]
2026-01-08 05:08:36,435 [INFO] configure_fit: strategy sampled 28 clients (out of 28)
2026-01-08 05:08:39,615 [INFO] aggregate_fit: received 28 results and 0 failures
2026-01-08 05:08:39,627 [INFO] configure_evaluate: strategy sampled 28 clients (out of 28)
2026-01-08 05:08:39,848 [INFO] aggregate_evaluate: received 28 results and 0 failures
2026-01-08 05:08:39,848 [INFO] Round aggregated metrics -> mse: 121.7697  rmse: 11.0349  mae: 4.4537
2026-01-08 05:08:39,848 [INFO] 
2026-01-08 05:08:39,849 [INFO] [SUMMARY]
2026-01-08 05:08:39,849 [INFO] Run finished 30 rounds in 104.87s
2026-01-08 05:08:39,851 [INFO] History (loss, distributed):
2026-01-08 05:08:39,851 [INFO] 	('\tround 1: 241.11751117026662\n'
2026-01-08 05:08:39,851 [INFO] 	 '\tround 2: 168.11253980566994\n'
2026-01-08 05:08:39,851 [INFO] 	 '\tround 3: 157.05068284797625\n'
2026-01-08 05:08:39,851 [INFO] 	 '\tround 4: 148.60683151325645\n'
2026-01-08 05:08:39,851 [INFO] 	 '\tround 5: 146.55538836077852\n'
2026-01-08 05:08:39,851 [INFO] 	 '\tround 6: 144.17736725821942\n'
2026-01-08 05:08:39,851 [INFO] 	 '\tround 7: 141.08595518277502\n'
2026-01-08 05:08:39,851 [INFO] 	 '\tround 8: 137.2047547443704\n'
2026-01-08 05:08:39,851 [INFO] 	 '\tround 9: 134.85961101114694\n'
2026-01-08 05:08:39,851 [INFO] 	 '\tround 10: 133.67359567579055\n'
2026-01-08 05:08:39,851 [INFO] 	 '\tround 11: 132.20243317465187\n'
2026-01-08 05:08:39,851 [INFO] 	 '\tround 12: 134.98910778271943\n'
2026-01-08 05:08:39,851 [INFO] 	 '\tround 13: 128.96601950316446\n'
2026-01-08 05:08:39,852 [INFO] 	 '\tround 14: 127.95728956959206\n'
2026-01-08 05:08:39,852 [INFO] 	 '\tround 15: 129.94577922469207\n'
2026-01-08 05:08:39,852 [INFO] 	 '\tround 16: 127.62617693312883\n'
2026-01-08 05:08:39,852 [INFO] 	 '\tround 17: 126.78130501544224\n'
2026-01-08 05:08:39,852 [INFO] 	 '\tround 18: 127.58748210459865\n'
2026-01-08 05:08:39,852 [INFO] 	 '\tround 19: 128.756800718667\n'
2026-01-08 05:08:39,852 [INFO] 	 '\tround 20: 130.84902480307466\n'
2026-01-08 05:08:39,852 [INFO] 	 '\tround 21: 129.08770779690317\n'
2026-01-08 05:08:39,852 [INFO] 	 '\tround 22: 128.77262357584826\n'
2026-01-08 05:08:39,852 [INFO] 	 '\tround 23: 124.19546930367635\n'
2026-01-08 05:08:39,852 [INFO] 	 '\tround 24: 126.40809451722421\n'
2026-01-08 05:08:39,852 [INFO] 	 '\tround 25: 126.44002708923806\n'
2026-01-08 05:08:39,852 [INFO] 	 '\tround 26: 126.18301005468906\n'
2026-01-08 05:08:39,852 [INFO] 	 '\tround 27: 125.16718296710773\n'
2026-01-08 05:08:39,852 [INFO] 	 '\tround 28: 124.04756885914492\n'
2026-01-08 05:08:39,852 [INFO] 	 '\tround 29: 124.33911668983869\n'
2026-01-08 05:08:39,852 [INFO] 	 '\tround 30: 121.76970196428591\n')History (metrics, distributed, evaluate):
2026-01-08 05:08:39,852 [INFO] 	{'mae': [(1, 7.731047089634195),
2026-01-08 05:08:39,852 [INFO] 	         (2, 5.813062944248879),
2026-01-08 05:08:39,852 [INFO] 	         (3, 5.394706649246508),
2026-01-08 05:08:39,852 [INFO] 	         (4, 5.082165025577536),
2026-01-08 05:08:39,852 [INFO] 	         (5, 5.083640737095412),
2026-01-08 05:08:39,852 [INFO] 	         (6, 4.9474597967594285),
2026-01-08 05:08:39,852 [INFO] 	         (7, 4.9109037800817505),
2026-01-08 05:08:39,853 [INFO] 	         (8, 4.7494740350518505),
2026-01-08 05:08:39,853 [INFO] 	         (9, 4.6319769930937875),
2026-01-08 05:08:39,853 [INFO] 	         (10, 4.596491983322569),
2026-01-08 05:08:39,853 [INFO] 	         (11, 4.596987033005049),
2026-01-08 05:08:39,853 [INFO] 	         (12, 4.744921172490151),
2026-01-08 05:08:39,853 [INFO] 	         (13, 4.52011953727244),
2026-01-08 05:08:39,853 [INFO] 	         (14, 4.505129377548024),
2026-01-08 05:08:39,853 [INFO] 	         (15, 4.631612902136705),
2026-01-08 05:08:39,853 [INFO] 	         (16, 4.502474670517783),
2026-01-08 05:08:39,853 [INFO] 	         (17, 4.497705059353088),
2026-01-08 05:08:39,853 [INFO] 	         (18, 4.5645316327852905),
2026-01-08 05:08:39,853 [INFO] 	         (19, 4.647432902856883),
2026-01-08 05:08:39,853 [INFO] 	         (20, 4.736906765197856),
2026-01-08 05:08:39,853 [INFO] 	         (21, 4.667968268355135),
2026-01-08 05:08:39,853 [INFO] 	         (22, 4.66483570005673),
2026-01-08 05:08:39,853 [INFO] 	         (23, 4.450266808353358),
2026-01-08 05:08:39,853 [INFO] 	         (24, 4.585892035724044),
2026-01-08 05:08:39,853 [INFO] 	         (25, 4.619548026707935),
2026-01-08 05:08:39,853 [INFO] 	         (26, 4.623951002559347),
2026-01-08 05:08:39,853 [INFO] 	         (27, 4.6098632325446465),
2026-01-08 05:08:39,853 [INFO] 	         (28, 4.541783879441914),
2026-01-08 05:08:39,854 [INFO] 	         (29, 4.559419020778209),
2026-01-08 05:08:39,854 [INFO] 	         (30, 4.453700484497956)],
2026-01-08 05:08:39,854 [INFO] 	 'mse': [(1, 241.11751129898207),
2026-01-08 05:08:39,854 [INFO] 	         (2, 168.1125388097643),
2026-01-08 05:08:39,854 [INFO] 	         (3, 157.05068316111917),
2026-01-08 05:08:39,854 [INFO] 	         (4, 148.60683031832264),
2026-01-08 05:08:39,854 [INFO] 	         (5, 146.55538782370502),
2026-01-08 05:08:39,854 [INFO] 	         (6, 144.17736754967302),
2026-01-08 05:08:39,854 [INFO] 	         (7, 141.08595463220033),
2026-01-08 05:08:39,854 [INFO] 	         (8, 137.20475554355275),
2026-01-08 05:08:39,854 [INFO] 	         (9, 134.85961135445413),
2026-01-08 05:08:39,854 [INFO] 	         (10, 133.6735936551808),
2026-01-08 05:08:39,854 [INFO] 	         (11, 132.20243324174126),
2026-01-08 05:08:39,854 [INFO] 	         (12, 134.98910762614798),
2026-01-08 05:08:39,854 [INFO] 	         (13, 128.96602089407722),
2026-01-08 05:08:39,854 [INFO] 	         (14, 127.95728878861277),
2026-01-08 05:08:39,854 [INFO] 	         (15, 129.94577891789683),
2026-01-08 05:08:39,854 [INFO] 	         (16, 127.62617677642079),
2026-01-08 05:08:39,854 [INFO] 	         (17, 126.78130488402759),
2026-01-08 05:08:39,854 [INFO] 	         (18, 127.58748123764917),
2026-01-08 05:08:39,854 [INFO] 	         (19, 128.7568000109779),
2026-01-08 05:08:39,854 [INFO] 	         (20, 130.84902450185368),
2026-01-08 05:08:39,854 [INFO] 	         (21, 129.08770903547514),
2026-01-08 05:08:39,854 [INFO] 	         (22, 128.77262394494224),
2026-01-08 05:08:39,855 [INFO] 	         (23, 124.19546958658329),
2026-01-08 05:08:39,855 [INFO] 	         (24, 126.40809500456457),
2026-01-08 05:08:39,855 [INFO] 	         (25, 126.44002590159263),
2026-01-08 05:08:39,855 [INFO] 	         (26, 126.18301067656499),
2026-01-08 05:08:39,855 [INFO] 	         (27, 125.16718073338133),
2026-01-08 05:08:39,855 [INFO] 	         (28, 124.04756998707815),
2026-01-08 05:08:39,855 [INFO] 	         (29, 124.33911554778625),
2026-01-08 05:08:39,855 [INFO] 	         (30, 121.76970245812078)],
2026-01-08 05:08:39,855 [INFO] 	 'rmse': [(1, 15.527959019104284),
2026-01-08 05:08:39,855 [INFO] 	          (2, 12.96582194886866),
2026-01-08 05:08:39,855 [INFO] 	          (3, 12.531986401250169),
2026-01-08 05:08:39,855 [INFO] 	          (4, 12.190440119959682),
2026-01-08 05:08:39,855 [INFO] 	          (5, 12.106006270595808),
2026-01-08 05:08:39,855 [INFO] 	          (6, 12.007388040272248),
2026-01-08 05:08:39,855 [INFO] 	          (7, 11.877960878543098),
2026-01-08 05:08:39,855 [INFO] 	          (8, 11.713443368350433),
2026-01-08 05:08:39,855 [INFO] 	          (9, 11.61290710177491),
2026-01-08 05:08:39,855 [INFO] 	          (10, 11.561729699970538),
2026-01-08 05:08:39,855 [INFO] 	          (11, 11.497931694080517),
2026-01-08 05:08:39,855 [INFO] 	          (12, 11.618481296027806),
2026-01-08 05:08:39,855 [INFO] 	          (13, 11.356320746354307),
2026-01-08 05:08:39,855 [INFO] 	          (14, 11.311820754795082),
2026-01-08 05:08:39,855 [INFO] 	          (15, 11.399376251264664),
2026-01-08 05:08:39,855 [INFO] 	          (16, 11.297175610586072),
2026-01-08 05:08:39,856 [INFO] 	          (17, 11.259720462073096),
2026-01-08 05:08:39,856 [INFO] 	          (18, 11.295462860708682),
2026-01-08 05:08:39,856 [INFO] 	          (19, 11.347105358239075),
2026-01-08 05:08:39,856 [INFO] 	          (20, 11.438925845631385),
2026-01-08 05:08:39,856 [INFO] 	          (21, 11.361677210494722),
2026-01-08 05:08:39,856 [INFO] 	          (22, 11.347802604246437),
2026-01-08 05:08:39,856 [INFO] 	          (23, 11.144302113034414),
2026-01-08 05:08:39,856 [INFO] 	          (24, 11.243135461452226),
2026-01-08 05:08:39,856 [INFO] 	          (25, 11.244555389235833),
2026-01-08 05:08:39,856 [INFO] 	          (26, 11.233121145815396),
2026-01-08 05:08:39,856 [INFO] 	          (27, 11.187813938986531),
2026-01-08 05:08:39,856 [INFO] 	          (28, 11.137664476319896),
2026-01-08 05:08:39,856 [INFO] 	          (29, 11.150745066935494),
2026-01-08 05:08:39,856 [INFO] 	          (30, 11.034931012839218)]}
2026-01-08 05:08:39,856 [INFO] 
2026-01-13 21:00:42,334 [INFO] RUN_CONFIG strategy=fedavg server_model=mlp data_root=processed num_rounds=30 clients_per_round=20 min_available=5 fraction_fit=4.0000 fraction_eval=4.0000 client_epochs=- client_lr=- client_batch=- client_mu=- client_loss=- client_model=-
2026-01-13 21:00:42,334 [WARNING] 
Setting `min_available_clients` lower than `min_fit_clients` or
`min_evaluate_clients` can cause the server to fail when there are too few clients
connected to the server. `min_available_clients` must be set to a value larger
than or equal to the values of `min_fit_clients` and `min_evaluate_clients`.

2026-01-13 21:00:42,335 [INFO] Starting Flower server, config: num_rounds=30, no round_timeout
2026-01-13 21:00:42,362 [INFO] Flower ECE: gRPC server running (30 rounds), SSL is disabled
2026-01-13 21:00:42,363 [INFO] [INIT]
2026-01-13 21:00:42,363 [INFO] Requesting initial parameters from one random client
2026-01-13 21:05:34,517 [INFO] gRPC Join peer=ipv4:127.0.0.1:34348 metadata=[_Metadatum(key='user-agent', value='grpc-python/1.76.0 grpc-c/51.0.0 (linux; chttp2)'), _Metadatum(key='router', value="'{routing:[{hops:34.174.125.203:8095,0.0.0.0:8081}]}'")]
2026-01-13 21:05:34,525 [INFO] Received initial parameters from one random client
2026-01-13 21:05:34,526 [INFO] Evaluating initial global parameters
2026-01-13 21:05:34,526 [INFO] 
2026-01-13 21:05:34,526 [INFO] [ROUND 1]
2026-01-13 21:05:34,648 [INFO] gRPC Join peer=ipv4:127.0.0.1:34358 metadata=[_Metadatum(key='user-agent', value='grpc-python/1.76.0 grpc-c/51.0.0 (linux; chttp2)'), _Metadatum(key='router', value="'{routing:[{hops:34.174.125.203:8095,0.0.0.0:8081}]}'")]
2026-01-13 21:05:34,850 [INFO] gRPC Join peer=ipv4:127.0.0.1:34370 metadata=[_Metadatum(key='user-agent', value='grpc-python/1.76.0 grpc-c/51.0.0 (linux; chttp2)'), _Metadatum(key='router', value="'{routing:[{hops:34.174.125.203:8095,0.0.0.0:8081}]}'")]
2026-01-13 21:05:34,869 [INFO] gRPC Join peer=ipv4:127.0.0.1:34376 metadata=[_Metadatum(key='user-agent', value='grpc-python/1.76.0 grpc-c/51.0.0 (linux; chttp2)'), _Metadatum(key='router', value="'{routing:[{hops:34.174.125.203:8095,0.0.0.0:8081}]}'")]
2026-01-13 21:05:34,993 [INFO] gRPC Join peer=ipv4:127.0.0.1:34380 metadata=[_Metadatum(key='user-agent', value='grpc-python/1.76.0 grpc-c/51.0.0 (linux; chttp2)'), _Metadatum(key='router', value="'{routing:[{hops:34.174.125.203:8095,0.0.0.0:8081}]}'")]
2026-01-13 21:05:34,994 [INFO] Sampling failed: number of available clients (5) is less than number of requested clients (20).
2026-01-13 21:05:34,994 [INFO] configure_fit: no clients selected, cancel
2026-01-13 21:05:34,994 [INFO] Sampling failed: number of available clients (5) is less than number of requested clients (20).
2026-01-13 21:05:34,995 [INFO] configure_evaluate: no clients selected, skipping evaluation
2026-01-13 21:05:34,995 [INFO] 
2026-01-13 21:05:34,995 [INFO] [ROUND 2]
2026-01-13 21:05:34,995 [INFO] Sampling failed: number of available clients (5) is less than number of requested clients (20).
2026-01-13 21:05:34,995 [INFO] configure_fit: no clients selected, cancel
2026-01-13 21:05:34,995 [INFO] Sampling failed: number of available clients (5) is less than number of requested clients (20).
2026-01-13 21:05:34,995 [INFO] configure_evaluate: no clients selected, skipping evaluation
2026-01-13 21:05:34,996 [INFO] 
2026-01-13 21:05:34,996 [INFO] [ROUND 3]
2026-01-13 21:05:34,996 [INFO] Sampling failed: number of available clients (5) is less than number of requested clients (20).
2026-01-13 21:05:34,996 [INFO] configure_fit: no clients selected, cancel
2026-01-13 21:05:34,996 [INFO] Sampling failed: number of available clients (5) is less than number of requested clients (20).
2026-01-13 21:05:34,996 [INFO] configure_evaluate: no clients selected, skipping evaluation
2026-01-13 21:05:34,996 [INFO] 
2026-01-13 21:05:34,996 [INFO] [ROUND 4]
2026-01-13 21:05:34,997 [INFO] Sampling failed: number of available clients (5) is less than number of requested clients (20).
2026-01-13 21:05:34,997 [INFO] configure_fit: no clients selected, cancel
2026-01-13 21:05:34,997 [INFO] Sampling failed: number of available clients (5) is less than number of requested clients (20).
2026-01-13 21:05:34,997 [INFO] configure_evaluate: no clients selected, skipping evaluation
2026-01-13 21:05:34,997 [INFO] 
2026-01-13 21:05:34,997 [INFO] [ROUND 5]
2026-01-13 21:05:34,997 [INFO] Sampling failed: number of available clients (5) is less than number of requested clients (20).
2026-01-13 21:05:34,997 [INFO] configure_fit: no clients selected, cancel
2026-01-13 21:05:34,997 [INFO] Sampling failed: number of available clients (5) is less than number of requested clients (20).
2026-01-13 21:05:34,997 [INFO] configure_evaluate: no clients selected, skipping evaluation
2026-01-13 21:05:34,997 [INFO] 
2026-01-13 21:05:34,997 [INFO] [ROUND 6]
2026-01-13 21:05:34,997 [INFO] Sampling failed: number of available clients (5) is less than number of requested clients (20).
2026-01-13 21:05:34,997 [INFO] configure_fit: no clients selected, cancel
2026-01-13 21:05:34,998 [INFO] Sampling failed: number of available clients (5) is less than number of requested clients (20).
2026-01-13 21:05:34,998 [INFO] configure_evaluate: no clients selected, skipping evaluation
2026-01-13 21:05:34,998 [INFO] 
2026-01-13 21:05:34,998 [INFO] [ROUND 7]
2026-01-13 21:05:34,998 [INFO] Sampling failed: number of available clients (5) is less than number of requested clients (20).
2026-01-13 21:05:34,998 [INFO] configure_fit: no clients selected, cancel
2026-01-13 21:05:34,998 [INFO] Sampling failed: number of available clients (5) is less than number of requested clients (20).
2026-01-13 21:05:34,998 [INFO] configure_evaluate: no clients selected, skipping evaluation
2026-01-13 21:05:34,998 [INFO] 
2026-01-13 21:05:34,998 [INFO] [ROUND 8]
2026-01-13 21:05:34,998 [INFO] Sampling failed: number of available clients (5) is less than number of requested clients (20).
2026-01-13 21:05:34,998 [INFO] configure_fit: no clients selected, cancel
2026-01-13 21:05:34,998 [INFO] Sampling failed: number of available clients (5) is less than number of requested clients (20).
2026-01-13 21:05:34,998 [INFO] configure_evaluate: no clients selected, skipping evaluation
2026-01-13 21:05:34,998 [INFO] 
2026-01-13 21:05:34,998 [INFO] [ROUND 9]
2026-01-13 21:05:34,998 [INFO] Sampling failed: number of available clients (5) is less than number of requested clients (20).
2026-01-13 21:05:34,998 [INFO] configure_fit: no clients selected, cancel
2026-01-13 21:05:34,998 [INFO] Sampling failed: number of available clients (5) is less than number of requested clients (20).
2026-01-13 21:05:34,998 [INFO] configure_evaluate: no clients selected, skipping evaluation
2026-01-13 21:05:34,998 [INFO] 
2026-01-13 21:05:34,998 [INFO] [ROUND 10]
2026-01-13 21:05:34,999 [INFO] Sampling failed: number of available clients (5) is less than number of requested clients (20).
2026-01-13 21:05:34,999 [INFO] configure_fit: no clients selected, cancel
2026-01-13 21:05:34,999 [INFO] Sampling failed: number of available clients (5) is less than number of requested clients (20).
2026-01-13 21:05:34,999 [INFO] configure_evaluate: no clients selected, skipping evaluation
2026-01-13 21:05:34,999 [INFO] 
2026-01-13 21:05:34,999 [INFO] [ROUND 11]
2026-01-13 21:05:34,999 [INFO] Sampling failed: number of available clients (5) is less than number of requested clients (20).
2026-01-13 21:05:34,999 [INFO] configure_fit: no clients selected, cancel
2026-01-13 21:05:34,999 [INFO] Sampling failed: number of available clients (5) is less than number of requested clients (20).
2026-01-13 21:05:34,999 [INFO] configure_evaluate: no clients selected, skipping evaluation
2026-01-13 21:05:34,999 [INFO] 
2026-01-13 21:05:34,999 [INFO] [ROUND 12]
2026-01-13 21:05:34,999 [INFO] Sampling failed: number of available clients (5) is less than number of requested clients (20).
2026-01-13 21:05:34,999 [INFO] configure_fit: no clients selected, cancel
2026-01-13 21:05:34,999 [INFO] Sampling failed: number of available clients (5) is less than number of requested clients (20).
2026-01-13 21:05:34,999 [INFO] configure_evaluate: no clients selected, skipping evaluation
2026-01-13 21:05:34,999 [INFO] 
2026-01-13 21:05:34,999 [INFO] [ROUND 13]
2026-01-13 21:05:34,999 [INFO] Sampling failed: number of available clients (5) is less than number of requested clients (20).
2026-01-13 21:05:34,999 [INFO] configure_fit: no clients selected, cancel
2026-01-13 21:05:35,000 [INFO] Sampling failed: number of available clients (5) is less than number of requested clients (20).
2026-01-13 21:05:35,000 [INFO] configure_evaluate: no clients selected, skipping evaluation
2026-01-13 21:05:35,000 [INFO] 
2026-01-13 21:05:35,000 [INFO] [ROUND 14]
2026-01-13 21:05:35,000 [INFO] Sampling failed: number of available clients (5) is less than number of requested clients (20).
2026-01-13 21:05:35,000 [INFO] configure_fit: no clients selected, cancel
2026-01-13 21:05:35,000 [INFO] Sampling failed: number of available clients (5) is less than number of requested clients (20).
2026-01-13 21:05:35,000 [INFO] configure_evaluate: no clients selected, skipping evaluation
2026-01-13 21:05:35,000 [INFO] 
2026-01-13 21:05:35,000 [INFO] [ROUND 15]
2026-01-13 21:05:35,000 [INFO] Sampling failed: number of available clients (5) is less than number of requested clients (20).
2026-01-13 21:05:35,000 [INFO] configure_fit: no clients selected, cancel
2026-01-13 21:05:35,000 [INFO] Sampling failed: number of available clients (5) is less than number of requested clients (20).
2026-01-13 21:05:35,000 [INFO] configure_evaluate: no clients selected, skipping evaluation
2026-01-13 21:05:35,000 [INFO] 
2026-01-13 21:05:35,000 [INFO] [ROUND 16]
2026-01-13 21:05:35,000 [INFO] Sampling failed: number of available clients (5) is less than number of requested clients (20).
2026-01-13 21:05:35,000 [INFO] configure_fit: no clients selected, cancel
2026-01-13 21:05:35,000 [INFO] Sampling failed: number of available clients (5) is less than number of requested clients (20).
2026-01-13 21:05:35,000 [INFO] configure_evaluate: no clients selected, skipping evaluation
2026-01-13 21:05:35,000 [INFO] 
2026-01-13 21:05:35,000 [INFO] [ROUND 17]
2026-01-13 21:05:35,000 [INFO] Sampling failed: number of available clients (5) is less than number of requested clients (20).
2026-01-13 21:05:35,001 [INFO] configure_fit: no clients selected, cancel
2026-01-13 21:05:35,001 [INFO] Sampling failed: number of available clients (5) is less than number of requested clients (20).
2026-01-13 21:05:35,001 [INFO] configure_evaluate: no clients selected, skipping evaluation
2026-01-13 21:05:35,001 [INFO] 
2026-01-13 21:05:35,001 [INFO] [ROUND 18]
2026-01-13 21:05:35,001 [INFO] Sampling failed: number of available clients (5) is less than number of requested clients (20).
2026-01-13 21:05:35,001 [INFO] configure_fit: no clients selected, cancel
2026-01-13 21:05:35,001 [INFO] Sampling failed: number of available clients (5) is less than number of requested clients (20).
2026-01-13 21:05:35,001 [INFO] configure_evaluate: no clients selected, skipping evaluation
2026-01-13 21:05:35,001 [INFO] 
2026-01-13 21:05:35,001 [INFO] [ROUND 19]
2026-01-13 21:05:35,001 [INFO] Sampling failed: number of available clients (5) is less than number of requested clients (20).
2026-01-13 21:05:35,001 [INFO] configure_fit: no clients selected, cancel
2026-01-13 21:05:35,001 [INFO] Sampling failed: number of available clients (5) is less than number of requested clients (20).
2026-01-13 21:05:35,001 [INFO] configure_evaluate: no clients selected, skipping evaluation
2026-01-13 21:05:35,001 [INFO] 
2026-01-13 21:05:35,001 [INFO] [ROUND 20]
2026-01-13 21:05:35,001 [INFO] Sampling failed: number of available clients (5) is less than number of requested clients (20).
2026-01-13 21:05:35,001 [INFO] configure_fit: no clients selected, cancel
2026-01-13 21:05:35,001 [INFO] Sampling failed: number of available clients (5) is less than number of requested clients (20).
2026-01-13 21:05:35,001 [INFO] configure_evaluate: no clients selected, skipping evaluation
2026-01-13 21:05:35,002 [INFO] 
2026-01-13 21:05:35,002 [INFO] [ROUND 21]
2026-01-13 21:05:35,002 [INFO] Sampling failed: number of available clients (5) is less than number of requested clients (20).
2026-01-13 21:05:35,002 [INFO] configure_fit: no clients selected, cancel
2026-01-13 21:05:35,002 [INFO] Sampling failed: number of available clients (5) is less than number of requested clients (20).
2026-01-13 21:05:35,002 [INFO] configure_evaluate: no clients selected, skipping evaluation
2026-01-13 21:05:35,002 [INFO] 
2026-01-13 21:05:35,002 [INFO] [ROUND 22]
2026-01-13 21:05:35,002 [INFO] Sampling failed: number of available clients (5) is less than number of requested clients (20).
2026-01-13 21:05:35,002 [INFO] configure_fit: no clients selected, cancel
2026-01-13 21:05:35,002 [INFO] Sampling failed: number of available clients (5) is less than number of requested clients (20).
2026-01-13 21:05:35,002 [INFO] configure_evaluate: no clients selected, skipping evaluation
2026-01-13 21:05:35,002 [INFO] 
2026-01-13 21:05:35,002 [INFO] [ROUND 23]
2026-01-13 21:05:35,002 [INFO] Sampling failed: number of available clients (5) is less than number of requested clients (20).
2026-01-13 21:05:35,002 [INFO] configure_fit: no clients selected, cancel
2026-01-13 21:05:35,002 [INFO] Sampling failed: number of available clients (5) is less than number of requested clients (20).
2026-01-13 21:05:35,002 [INFO] configure_evaluate: no clients selected, skipping evaluation
2026-01-13 21:05:35,002 [INFO] 
2026-01-13 21:05:35,002 [INFO] [ROUND 24]
2026-01-13 21:05:35,002 [INFO] Sampling failed: number of available clients (5) is less than number of requested clients (20).
2026-01-13 21:05:35,002 [INFO] configure_fit: no clients selected, cancel
2026-01-13 21:05:35,003 [INFO] Sampling failed: number of available clients (5) is less than number of requested clients (20).
2026-01-13 21:05:35,003 [INFO] configure_evaluate: no clients selected, skipping evaluation
2026-01-13 21:05:35,003 [INFO] 
2026-01-13 21:05:35,003 [INFO] [ROUND 25]
2026-01-13 21:05:35,003 [INFO] Sampling failed: number of available clients (5) is less than number of requested clients (20).
2026-01-13 21:05:35,003 [INFO] configure_fit: no clients selected, cancel
2026-01-13 21:05:35,003 [INFO] Sampling failed: number of available clients (5) is less than number of requested clients (20).
2026-01-13 21:05:35,003 [INFO] configure_evaluate: no clients selected, skipping evaluation
2026-01-13 21:05:35,003 [INFO] 
2026-01-13 21:05:35,003 [INFO] [ROUND 26]
2026-01-13 21:05:35,003 [INFO] Sampling failed: number of available clients (5) is less than number of requested clients (20).
2026-01-13 21:05:35,003 [INFO] configure_fit: no clients selected, cancel
2026-01-13 21:05:35,003 [INFO] Sampling failed: number of available clients (5) is less than number of requested clients (20).
2026-01-13 21:05:35,003 [INFO] configure_evaluate: no clients selected, skipping evaluation
2026-01-13 21:05:35,003 [INFO] 
2026-01-13 21:05:35,003 [INFO] [ROUND 27]
2026-01-13 21:05:35,003 [INFO] Sampling failed: number of available clients (5) is less than number of requested clients (20).
2026-01-13 21:05:35,003 [INFO] configure_fit: no clients selected, cancel
2026-01-13 21:05:35,003 [INFO] Sampling failed: number of available clients (5) is less than number of requested clients (20).
2026-01-13 21:05:35,003 [INFO] configure_evaluate: no clients selected, skipping evaluation
2026-01-13 21:05:35,003 [INFO] 
2026-01-13 21:05:35,003 [INFO] [ROUND 28]
2026-01-13 21:05:35,004 [INFO] Sampling failed: number of available clients (5) is less than number of requested clients (20).
2026-01-13 21:05:35,004 [INFO] configure_fit: no clients selected, cancel
2026-01-13 21:05:35,004 [INFO] Sampling failed: number of available clients (5) is less than number of requested clients (20).
2026-01-13 21:05:35,004 [INFO] configure_evaluate: no clients selected, skipping evaluation
2026-01-13 21:05:35,004 [INFO] 
2026-01-13 21:05:35,004 [INFO] [ROUND 29]
2026-01-13 21:05:35,004 [INFO] Sampling failed: number of available clients (5) is less than number of requested clients (20).
2026-01-13 21:05:35,004 [INFO] configure_fit: no clients selected, cancel
2026-01-13 21:05:35,004 [INFO] Sampling failed: number of available clients (5) is less than number of requested clients (20).
2026-01-13 21:05:35,004 [INFO] configure_evaluate: no clients selected, skipping evaluation
2026-01-13 21:05:35,004 [INFO] 
2026-01-13 21:05:35,004 [INFO] [ROUND 30]
2026-01-13 21:05:35,004 [INFO] Sampling failed: number of available clients (5) is less than number of requested clients (20).
2026-01-13 21:05:35,004 [INFO] configure_fit: no clients selected, cancel
2026-01-13 21:05:35,004 [INFO] Sampling failed: number of available clients (5) is less than number of requested clients (20).
2026-01-13 21:05:35,004 [INFO] configure_evaluate: no clients selected, skipping evaluation
2026-01-13 21:05:35,004 [INFO] 
2026-01-13 21:05:35,004 [INFO] [SUMMARY]
2026-01-13 21:05:35,004 [INFO] Run finished 30 rounds in 0.48s
2026-01-13 21:05:35,004 [INFO] 
2026-01-13 21:08:37,881 [INFO] RUN_CONFIG strategy=fedavg server_model=mlp data_root=processed num_rounds=30 clients_per_round=20 min_available=5 fraction_fit=4.0000 fraction_eval=4.0000 client_epochs=- client_lr=- client_batch=- client_mu=- client_loss=- client_model=-
2026-01-13 21:08:37,881 [WARNING] 
Setting `min_available_clients` lower than `min_fit_clients` or
`min_evaluate_clients` can cause the server to fail when there are too few clients
connected to the server. `min_available_clients` must be set to a value larger
than or equal to the values of `min_fit_clients` and `min_evaluate_clients`.

2026-01-13 21:08:37,882 [INFO] Starting Flower server, config: num_rounds=30, no round_timeout
2026-01-13 21:08:37,894 [INFO] Flower ECE: gRPC server running (30 rounds), SSL is disabled
2026-01-13 21:08:37,894 [INFO] [INIT]
2026-01-13 21:08:37,894 [INFO] Requesting initial parameters from one random client
2026-01-13 21:08:47,258 [INFO] gRPC Join peer=ipv4:127.0.0.1:37524 metadata=[_Metadatum(key='user-agent', value='grpc-python/1.76.0 grpc-c/51.0.0 (linux; chttp2)'), _Metadatum(key='router', value="'{routing:[{hops:34.174.125.203:8095,127.0.0.1:8081}]}'")]
2026-01-13 21:08:47,264 [INFO] Received initial parameters from one random client
2026-01-13 21:08:47,264 [INFO] Evaluating initial global parameters
2026-01-13 21:08:47,265 [INFO] 
2026-01-13 21:08:47,265 [INFO] [ROUND 1]
2026-01-13 21:08:48,057 [INFO] gRPC Join peer=ipv4:127.0.0.1:37536 metadata=[_Metadatum(key='user-agent', value='grpc-python/1.76.0 grpc-c/51.0.0 (linux; chttp2)'), _Metadatum(key='router', value="'{routing:[{hops:34.174.125.203:8095,127.0.0.1:8081}]}'")]
2026-01-13 21:08:48,085 [INFO] gRPC Join peer=ipv4:127.0.0.1:37556 metadata=[_Metadatum(key='user-agent', value='grpc-python/1.76.0 grpc-c/51.0.0 (linux; chttp2)'), _Metadatum(key='router', value="'{routing:[{hops:34.174.125.203:8095,127.0.0.1:8081}]}'")]
2026-01-13 21:08:48,086 [INFO] gRPC Join peer=ipv4:127.0.0.1:37550 metadata=[_Metadatum(key='user-agent', value='grpc-python/1.76.0 grpc-c/51.0.0 (linux; chttp2)'), _Metadatum(key='router', value="'{routing:[{hops:34.174.125.203:8095,127.0.0.1:8081}]}'")]
2026-01-13 21:08:48,212 [INFO] gRPC Join peer=ipv4:127.0.0.1:37560 metadata=[_Metadatum(key='user-agent', value='grpc-python/1.76.0 grpc-c/51.0.0 (linux; chttp2)'), _Metadatum(key='router', value="'{routing:[{hops:34.174.125.203:8095,127.0.0.1:8081}]}'")]
2026-01-13 21:08:48,212 [INFO] Sampling failed: number of available clients (5) is less than number of requested clients (20).
2026-01-13 21:08:48,213 [INFO] configure_fit: no clients selected, cancel
2026-01-13 21:08:48,213 [INFO] Sampling failed: number of available clients (5) is less than number of requested clients (20).
2026-01-13 21:08:48,213 [INFO] configure_evaluate: no clients selected, skipping evaluation
2026-01-13 21:08:48,214 [INFO] 
2026-01-13 21:08:48,214 [INFO] [ROUND 2]
2026-01-13 21:08:48,214 [INFO] Sampling failed: number of available clients (5) is less than number of requested clients (20).
2026-01-13 21:08:48,214 [INFO] configure_fit: no clients selected, cancel
2026-01-13 21:08:48,214 [INFO] Sampling failed: number of available clients (5) is less than number of requested clients (20).
2026-01-13 21:08:48,214 [INFO] configure_evaluate: no clients selected, skipping evaluation
2026-01-13 21:08:48,214 [INFO] 
2026-01-13 21:08:48,214 [INFO] [ROUND 3]
2026-01-13 21:08:48,214 [INFO] Sampling failed: number of available clients (5) is less than number of requested clients (20).
2026-01-13 21:08:48,214 [INFO] configure_fit: no clients selected, cancel
2026-01-13 21:08:48,215 [INFO] Sampling failed: number of available clients (5) is less than number of requested clients (20).
2026-01-13 21:08:48,215 [INFO] configure_evaluate: no clients selected, skipping evaluation
2026-01-13 21:08:48,215 [INFO] 
2026-01-13 21:08:48,215 [INFO] [ROUND 4]
2026-01-13 21:08:48,215 [INFO] Sampling failed: number of available clients (5) is less than number of requested clients (20).
2026-01-13 21:08:48,215 [INFO] configure_fit: no clients selected, cancel
2026-01-13 21:08:48,215 [INFO] Sampling failed: number of available clients (5) is less than number of requested clients (20).
2026-01-13 21:08:48,215 [INFO] configure_evaluate: no clients selected, skipping evaluation
2026-01-13 21:08:48,215 [INFO] 
2026-01-13 21:08:48,215 [INFO] [ROUND 5]
2026-01-13 21:08:48,215 [INFO] Sampling failed: number of available clients (5) is less than number of requested clients (20).
2026-01-13 21:08:48,216 [INFO] configure_fit: no clients selected, cancel
2026-01-13 21:08:48,216 [INFO] Sampling failed: number of available clients (5) is less than number of requested clients (20).
2026-01-13 21:08:48,216 [INFO] configure_evaluate: no clients selected, skipping evaluation
2026-01-13 21:08:48,216 [INFO] 
2026-01-13 21:08:48,216 [INFO] [ROUND 6]
2026-01-13 21:08:48,216 [INFO] Sampling failed: number of available clients (5) is less than number of requested clients (20).
2026-01-13 21:08:48,216 [INFO] configure_fit: no clients selected, cancel
2026-01-13 21:08:48,216 [INFO] Sampling failed: number of available clients (5) is less than number of requested clients (20).
2026-01-13 21:08:48,216 [INFO] configure_evaluate: no clients selected, skipping evaluation
2026-01-13 21:08:48,216 [INFO] 
2026-01-13 21:08:48,216 [INFO] [ROUND 7]
2026-01-13 21:08:48,217 [INFO] Sampling failed: number of available clients (5) is less than number of requested clients (20).
2026-01-13 21:08:48,217 [INFO] configure_fit: no clients selected, cancel
2026-01-13 21:08:48,217 [INFO] Sampling failed: number of available clients (5) is less than number of requested clients (20).
2026-01-13 21:08:48,217 [INFO] configure_evaluate: no clients selected, skipping evaluation
2026-01-13 21:08:48,217 [INFO] 
2026-01-13 21:08:48,217 [INFO] [ROUND 8]
2026-01-13 21:08:48,217 [INFO] Sampling failed: number of available clients (5) is less than number of requested clients (20).
2026-01-13 21:08:48,217 [INFO] configure_fit: no clients selected, cancel
2026-01-13 21:08:48,217 [INFO] Sampling failed: number of available clients (5) is less than number of requested clients (20).
2026-01-13 21:08:48,217 [INFO] configure_evaluate: no clients selected, skipping evaluation
2026-01-13 21:08:48,218 [INFO] 
2026-01-13 21:08:48,218 [INFO] [ROUND 9]
2026-01-13 21:08:48,218 [INFO] Sampling failed: number of available clients (5) is less than number of requested clients (20).
2026-01-13 21:08:48,218 [INFO] configure_fit: no clients selected, cancel
2026-01-13 21:08:48,218 [INFO] Sampling failed: number of available clients (5) is less than number of requested clients (20).
2026-01-13 21:08:48,218 [INFO] configure_evaluate: no clients selected, skipping evaluation
2026-01-13 21:08:48,218 [INFO] 
2026-01-13 21:08:48,218 [INFO] [ROUND 10]
2026-01-13 21:08:48,218 [INFO] Sampling failed: number of available clients (5) is less than number of requested clients (20).
2026-01-13 21:08:48,218 [INFO] configure_fit: no clients selected, cancel
2026-01-13 21:08:48,218 [INFO] Sampling failed: number of available clients (5) is less than number of requested clients (20).
2026-01-13 21:08:48,219 [INFO] configure_evaluate: no clients selected, skipping evaluation
2026-01-13 21:08:48,219 [INFO] 
2026-01-13 21:08:48,219 [INFO] [ROUND 11]
2026-01-13 21:08:48,219 [INFO] Sampling failed: number of available clients (5) is less than number of requested clients (20).
2026-01-13 21:08:48,219 [INFO] configure_fit: no clients selected, cancel
2026-01-13 21:08:48,219 [INFO] Sampling failed: number of available clients (5) is less than number of requested clients (20).
2026-01-13 21:08:48,219 [INFO] configure_evaluate: no clients selected, skipping evaluation
2026-01-13 21:08:48,220 [INFO] 
2026-01-13 21:08:48,220 [INFO] [ROUND 12]
2026-01-13 21:08:48,220 [INFO] Sampling failed: number of available clients (5) is less than number of requested clients (20).
2026-01-13 21:08:48,220 [INFO] configure_fit: no clients selected, cancel
2026-01-13 21:08:48,220 [INFO] Sampling failed: number of available clients (5) is less than number of requested clients (20).
2026-01-13 21:08:48,220 [INFO] configure_evaluate: no clients selected, skipping evaluation
2026-01-13 21:08:48,220 [INFO] 
2026-01-13 21:08:48,220 [INFO] [ROUND 13]
2026-01-13 21:08:48,220 [INFO] Sampling failed: number of available clients (5) is less than number of requested clients (20).
2026-01-13 21:08:48,220 [INFO] configure_fit: no clients selected, cancel
2026-01-13 21:08:48,220 [INFO] Sampling failed: number of available clients (5) is less than number of requested clients (20).
2026-01-13 21:08:48,220 [INFO] configure_evaluate: no clients selected, skipping evaluation
2026-01-13 21:08:48,220 [INFO] 
2026-01-13 21:08:48,220 [INFO] [ROUND 14]
2026-01-13 21:08:48,220 [INFO] Sampling failed: number of available clients (5) is less than number of requested clients (20).
2026-01-13 21:08:48,220 [INFO] configure_fit: no clients selected, cancel
2026-01-13 21:08:48,220 [INFO] Sampling failed: number of available clients (5) is less than number of requested clients (20).
2026-01-13 21:08:48,220 [INFO] configure_evaluate: no clients selected, skipping evaluation
2026-01-13 21:08:48,220 [INFO] 
2026-01-13 21:08:48,220 [INFO] [ROUND 15]
2026-01-13 21:08:48,221 [INFO] Sampling failed: number of available clients (5) is less than number of requested clients (20).
2026-01-13 21:08:48,221 [INFO] configure_fit: no clients selected, cancel
2026-01-13 21:08:48,221 [INFO] Sampling failed: number of available clients (5) is less than number of requested clients (20).
2026-01-13 21:08:48,221 [INFO] configure_evaluate: no clients selected, skipping evaluation
2026-01-13 21:08:48,221 [INFO] 
2026-01-13 21:08:48,221 [INFO] [ROUND 16]
2026-01-13 21:08:48,221 [INFO] Sampling failed: number of available clients (5) is less than number of requested clients (20).
2026-01-13 21:08:48,221 [INFO] configure_fit: no clients selected, cancel
2026-01-13 21:08:48,221 [INFO] Sampling failed: number of available clients (5) is less than number of requested clients (20).
2026-01-13 21:08:48,221 [INFO] configure_evaluate: no clients selected, skipping evaluation
2026-01-13 21:08:48,221 [INFO] 
2026-01-13 21:08:48,221 [INFO] [ROUND 17]
2026-01-13 21:08:48,221 [INFO] Sampling failed: number of available clients (5) is less than number of requested clients (20).
2026-01-13 21:08:48,221 [INFO] configure_fit: no clients selected, cancel
2026-01-13 21:08:48,221 [INFO] Sampling failed: number of available clients (5) is less than number of requested clients (20).
2026-01-13 21:08:48,221 [INFO] configure_evaluate: no clients selected, skipping evaluation
2026-01-13 21:08:48,221 [INFO] 
2026-01-13 21:08:48,221 [INFO] [ROUND 18]
2026-01-13 21:08:48,221 [INFO] Sampling failed: number of available clients (5) is less than number of requested clients (20).
2026-01-13 21:08:48,221 [INFO] configure_fit: no clients selected, cancel
2026-01-13 21:08:48,221 [INFO] Sampling failed: number of available clients (5) is less than number of requested clients (20).
2026-01-13 21:08:48,221 [INFO] configure_evaluate: no clients selected, skipping evaluation
2026-01-13 21:08:48,222 [INFO] 
2026-01-13 21:08:48,222 [INFO] [ROUND 19]
2026-01-13 21:08:48,222 [INFO] Sampling failed: number of available clients (5) is less than number of requested clients (20).
2026-01-13 21:08:48,222 [INFO] configure_fit: no clients selected, cancel
2026-01-13 21:08:48,222 [INFO] Sampling failed: number of available clients (5) is less than number of requested clients (20).
2026-01-13 21:08:48,222 [INFO] configure_evaluate: no clients selected, skipping evaluation
2026-01-13 21:08:48,222 [INFO] 
2026-01-13 21:08:48,222 [INFO] [ROUND 20]
2026-01-13 21:08:48,222 [INFO] Sampling failed: number of available clients (5) is less than number of requested clients (20).
2026-01-13 21:08:48,222 [INFO] configure_fit: no clients selected, cancel
2026-01-13 21:08:48,222 [INFO] Sampling failed: number of available clients (5) is less than number of requested clients (20).
2026-01-13 21:08:48,222 [INFO] configure_evaluate: no clients selected, skipping evaluation
2026-01-13 21:08:48,222 [INFO] 
2026-01-13 21:08:48,222 [INFO] [ROUND 21]
2026-01-13 21:08:48,222 [INFO] Sampling failed: number of available clients (5) is less than number of requested clients (20).
2026-01-13 21:08:48,222 [INFO] configure_fit: no clients selected, cancel
2026-01-13 21:08:48,222 [INFO] Sampling failed: number of available clients (5) is less than number of requested clients (20).
2026-01-13 21:08:48,222 [INFO] configure_evaluate: no clients selected, skipping evaluation
2026-01-13 21:08:48,222 [INFO] 
2026-01-13 21:08:48,222 [INFO] [ROUND 22]
2026-01-13 21:08:48,222 [INFO] Sampling failed: number of available clients (5) is less than number of requested clients (20).
2026-01-13 21:08:48,222 [INFO] configure_fit: no clients selected, cancel
2026-01-13 21:08:48,223 [INFO] Sampling failed: number of available clients (5) is less than number of requested clients (20).
2026-01-13 21:08:48,223 [INFO] configure_evaluate: no clients selected, skipping evaluation
2026-01-13 21:08:48,223 [INFO] 
2026-01-13 21:08:48,223 [INFO] [ROUND 23]
2026-01-13 21:08:48,223 [INFO] Sampling failed: number of available clients (5) is less than number of requested clients (20).
2026-01-13 21:08:48,223 [INFO] configure_fit: no clients selected, cancel
2026-01-13 21:08:48,223 [INFO] Sampling failed: number of available clients (5) is less than number of requested clients (20).
2026-01-13 21:08:48,223 [INFO] configure_evaluate: no clients selected, skipping evaluation
2026-01-13 21:08:48,223 [INFO] 
2026-01-13 21:08:48,223 [INFO] [ROUND 24]
2026-01-13 21:08:48,223 [INFO] Sampling failed: number of available clients (5) is less than number of requested clients (20).
2026-01-13 21:08:48,223 [INFO] configure_fit: no clients selected, cancel
2026-01-13 21:08:48,223 [INFO] Sampling failed: number of available clients (5) is less than number of requested clients (20).
2026-01-13 21:08:48,223 [INFO] configure_evaluate: no clients selected, skipping evaluation
2026-01-13 21:08:48,223 [INFO] 
2026-01-13 21:08:48,223 [INFO] [ROUND 25]
2026-01-13 21:08:48,223 [INFO] Sampling failed: number of available clients (5) is less than number of requested clients (20).
2026-01-13 21:08:48,223 [INFO] configure_fit: no clients selected, cancel
2026-01-13 21:08:48,223 [INFO] Sampling failed: number of available clients (5) is less than number of requested clients (20).
2026-01-13 21:08:48,223 [INFO] configure_evaluate: no clients selected, skipping evaluation
2026-01-13 21:08:48,223 [INFO] 
2026-01-13 21:08:48,223 [INFO] [ROUND 26]
2026-01-13 21:08:48,223 [INFO] Sampling failed: number of available clients (5) is less than number of requested clients (20).
2026-01-13 21:08:48,223 [INFO] configure_fit: no clients selected, cancel
2026-01-13 21:08:48,224 [INFO] Sampling failed: number of available clients (5) is less than number of requested clients (20).
2026-01-13 21:08:48,224 [INFO] configure_evaluate: no clients selected, skipping evaluation
2026-01-13 21:08:48,224 [INFO] 
2026-01-13 21:08:48,224 [INFO] [ROUND 27]
2026-01-13 21:08:48,224 [INFO] Sampling failed: number of available clients (5) is less than number of requested clients (20).
2026-01-13 21:08:48,224 [INFO] configure_fit: no clients selected, cancel
2026-01-13 21:08:48,224 [INFO] Sampling failed: number of available clients (5) is less than number of requested clients (20).
2026-01-13 21:08:48,224 [INFO] configure_evaluate: no clients selected, skipping evaluation
2026-01-13 21:08:48,224 [INFO] 
2026-01-13 21:08:48,224 [INFO] [ROUND 28]
2026-01-13 21:08:48,224 [INFO] Sampling failed: number of available clients (5) is less than number of requested clients (20).
2026-01-13 21:08:48,224 [INFO] configure_fit: no clients selected, cancel
2026-01-13 21:08:48,224 [INFO] Sampling failed: number of available clients (5) is less than number of requested clients (20).
2026-01-13 21:08:48,224 [INFO] configure_evaluate: no clients selected, skipping evaluation
2026-01-13 21:08:48,224 [INFO] 
2026-01-13 21:08:48,224 [INFO] [ROUND 29]
2026-01-13 21:08:48,224 [INFO] Sampling failed: number of available clients (5) is less than number of requested clients (20).
2026-01-13 21:08:48,224 [INFO] configure_fit: no clients selected, cancel
2026-01-13 21:08:48,224 [INFO] Sampling failed: number of available clients (5) is less than number of requested clients (20).
2026-01-13 21:08:48,224 [INFO] configure_evaluate: no clients selected, skipping evaluation
2026-01-13 21:08:48,224 [INFO] 
2026-01-13 21:08:48,224 [INFO] [ROUND 30]
2026-01-13 21:08:48,225 [INFO] Sampling failed: number of available clients (5) is less than number of requested clients (20).
2026-01-13 21:08:48,225 [INFO] configure_fit: no clients selected, cancel
2026-01-13 21:08:48,225 [INFO] Sampling failed: number of available clients (5) is less than number of requested clients (20).
2026-01-13 21:08:48,225 [INFO] configure_evaluate: no clients selected, skipping evaluation
2026-01-13 21:08:48,225 [INFO] 
2026-01-13 21:08:48,225 [INFO] [SUMMARY]
2026-01-13 21:08:48,225 [INFO] Run finished 30 rounds in 0.96s
2026-01-13 21:08:48,225 [INFO] 
2026-01-13 21:10:29,552 [INFO] RUN_CONFIG strategy=fedavg server_model=mlp data_root=processed num_rounds=30 clients_per_round=20 min_available=5 fraction_fit=4.0000 fraction_eval=4.0000 client_epochs=- client_lr=- client_batch=- client_mu=- client_loss=- client_model=-
2026-01-13 21:10:29,552 [WARNING] 
Setting `min_available_clients` lower than `min_fit_clients` or
`min_evaluate_clients` can cause the server to fail when there are too few clients
connected to the server. `min_available_clients` must be set to a value larger
than or equal to the values of `min_fit_clients` and `min_evaluate_clients`.

2026-01-13 21:10:29,553 [INFO] Starting Flower server, config: num_rounds=30, no round_timeout
2026-01-13 21:10:29,564 [INFO] Flower ECE: gRPC server running (30 rounds), SSL is disabled
2026-01-13 21:10:29,564 [INFO] [INIT]
2026-01-13 21:10:29,564 [INFO] Requesting initial parameters from one random client
2026-01-13 21:10:38,057 [INFO] gRPC Join peer=ipv4:127.0.0.1:48474 metadata=[_Metadatum(key='user-agent', value='grpc-python/1.76.0 grpc-c/51.0.0 (linux; chttp2)'), _Metadatum(key='router', value='{routing:[{hops:34.174.125.203:8095,127.0.0.1:8081]}}')]
2026-01-13 21:10:38,065 [INFO] Received initial parameters from one random client
2026-01-13 21:10:38,065 [INFO] Evaluating initial global parameters
2026-01-13 21:10:38,065 [INFO] 
2026-01-13 21:10:38,065 [INFO] [ROUND 1]
2026-01-13 21:10:38,102 [INFO] gRPC Join peer=ipv4:127.0.0.1:48480 metadata=[_Metadatum(key='user-agent', value='grpc-python/1.76.0 grpc-c/51.0.0 (linux; chttp2)'), _Metadatum(key='router', value='{routing:[{hops:34.174.125.203:8095,127.0.0.1:8081]}}')]
2026-01-13 21:10:38,835 [INFO] gRPC Join peer=ipv4:127.0.0.1:48490 metadata=[_Metadatum(key='user-agent', value='grpc-python/1.76.0 grpc-c/51.0.0 (linux; chttp2)'), _Metadatum(key='router', value='{routing:[{hops:34.174.125.203:8095,127.0.0.1:8081]}}')]
2026-01-13 21:10:38,836 [INFO] gRPC Join peer=ipv4:127.0.0.1:48502 metadata=[_Metadatum(key='user-agent', value='grpc-python/1.76.0 grpc-c/51.0.0 (linux; chttp2)'), _Metadatum(key='router', value='{routing:[{hops:34.174.125.203:8095,127.0.0.1:8081]}}')]
2026-01-13 21:10:38,850 [INFO] gRPC Join peer=ipv4:127.0.0.1:48518 metadata=[_Metadatum(key='user-agent', value='grpc-python/1.76.0 grpc-c/51.0.0 (linux; chttp2)'), _Metadatum(key='router', value='{routing:[{hops:34.174.125.203:8095,127.0.0.1:8081]}}')]
2026-01-13 21:10:38,850 [INFO] Sampling failed: number of available clients (5) is less than number of requested clients (20).
2026-01-13 21:10:38,851 [INFO] configure_fit: no clients selected, cancel
2026-01-13 21:10:38,851 [INFO] Sampling failed: number of available clients (5) is less than number of requested clients (20).
2026-01-13 21:10:38,851 [INFO] configure_evaluate: no clients selected, skipping evaluation
2026-01-13 21:10:38,851 [INFO] 
2026-01-13 21:10:38,851 [INFO] [ROUND 2]
2026-01-13 21:10:38,851 [INFO] Sampling failed: number of available clients (5) is less than number of requested clients (20).
2026-01-13 21:10:38,851 [INFO] configure_fit: no clients selected, cancel
2026-01-13 21:10:38,851 [INFO] Sampling failed: number of available clients (5) is less than number of requested clients (20).
2026-01-13 21:10:38,851 [INFO] configure_evaluate: no clients selected, skipping evaluation
2026-01-13 21:10:38,851 [INFO] 
2026-01-13 21:10:38,852 [INFO] [ROUND 3]
2026-01-13 21:10:38,852 [INFO] Sampling failed: number of available clients (5) is less than number of requested clients (20).
2026-01-13 21:10:38,852 [INFO] configure_fit: no clients selected, cancel
2026-01-13 21:10:38,852 [INFO] Sampling failed: number of available clients (5) is less than number of requested clients (20).
2026-01-13 21:10:38,852 [INFO] configure_evaluate: no clients selected, skipping evaluation
2026-01-13 21:10:38,852 [INFO] 
2026-01-13 21:10:38,852 [INFO] [ROUND 4]
2026-01-13 21:10:38,852 [INFO] Sampling failed: number of available clients (5) is less than number of requested clients (20).
2026-01-13 21:10:38,852 [INFO] configure_fit: no clients selected, cancel
2026-01-13 21:10:38,852 [INFO] Sampling failed: number of available clients (5) is less than number of requested clients (20).
2026-01-13 21:10:38,852 [INFO] configure_evaluate: no clients selected, skipping evaluation
2026-01-13 21:10:38,852 [INFO] 
2026-01-13 21:10:38,852 [INFO] [ROUND 5]
2026-01-13 21:10:38,853 [INFO] Sampling failed: number of available clients (5) is less than number of requested clients (20).
2026-01-13 21:10:38,853 [INFO] configure_fit: no clients selected, cancel
2026-01-13 21:10:38,853 [INFO] Sampling failed: number of available clients (5) is less than number of requested clients (20).
2026-01-13 21:10:38,853 [INFO] configure_evaluate: no clients selected, skipping evaluation
2026-01-13 21:10:38,853 [INFO] 
2026-01-13 21:10:38,853 [INFO] [ROUND 6]
2026-01-13 21:10:38,853 [INFO] Sampling failed: number of available clients (5) is less than number of requested clients (20).
2026-01-13 21:10:38,853 [INFO] configure_fit: no clients selected, cancel
2026-01-13 21:10:38,853 [INFO] Sampling failed: number of available clients (5) is less than number of requested clients (20).
2026-01-13 21:10:38,853 [INFO] configure_evaluate: no clients selected, skipping evaluation
2026-01-13 21:10:38,853 [INFO] 
2026-01-13 21:10:38,853 [INFO] [ROUND 7]
2026-01-13 21:10:38,853 [INFO] Sampling failed: number of available clients (5) is less than number of requested clients (20).
2026-01-13 21:10:38,854 [INFO] configure_fit: no clients selected, cancel
2026-01-13 21:10:38,854 [INFO] Sampling failed: number of available clients (5) is less than number of requested clients (20).
2026-01-13 21:10:38,854 [INFO] configure_evaluate: no clients selected, skipping evaluation
2026-01-13 21:10:38,854 [INFO] 
2026-01-13 21:10:38,854 [INFO] [ROUND 8]
2026-01-13 21:10:38,854 [INFO] Sampling failed: number of available clients (5) is less than number of requested clients (20).
2026-01-13 21:10:38,854 [INFO] configure_fit: no clients selected, cancel
2026-01-13 21:10:38,854 [INFO] Sampling failed: number of available clients (5) is less than number of requested clients (20).
2026-01-13 21:10:38,854 [INFO] configure_evaluate: no clients selected, skipping evaluation
2026-01-13 21:10:38,854 [INFO] 
2026-01-13 21:10:38,854 [INFO] [ROUND 9]
2026-01-13 21:10:38,855 [INFO] Sampling failed: number of available clients (5) is less than number of requested clients (20).
2026-01-13 21:10:38,855 [INFO] configure_fit: no clients selected, cancel
2026-01-13 21:10:38,855 [INFO] Sampling failed: number of available clients (5) is less than number of requested clients (20).
2026-01-13 21:10:38,855 [INFO] configure_evaluate: no clients selected, skipping evaluation
2026-01-13 21:10:38,855 [INFO] 
2026-01-13 21:10:38,855 [INFO] [ROUND 10]
2026-01-13 21:10:38,855 [INFO] Sampling failed: number of available clients (5) is less than number of requested clients (20).
2026-01-13 21:10:38,855 [INFO] configure_fit: no clients selected, cancel
2026-01-13 21:10:38,855 [INFO] Sampling failed: number of available clients (5) is less than number of requested clients (20).
2026-01-13 21:10:38,855 [INFO] configure_evaluate: no clients selected, skipping evaluation
2026-01-13 21:10:38,855 [INFO] 
2026-01-13 21:10:38,855 [INFO] [ROUND 11]
2026-01-13 21:10:38,855 [INFO] Sampling failed: number of available clients (5) is less than number of requested clients (20).
2026-01-13 21:10:38,855 [INFO] configure_fit: no clients selected, cancel
2026-01-13 21:10:38,855 [INFO] Sampling failed: number of available clients (5) is less than number of requested clients (20).
2026-01-13 21:10:38,855 [INFO] configure_evaluate: no clients selected, skipping evaluation
2026-01-13 21:10:38,855 [INFO] 
2026-01-13 21:10:38,856 [INFO] [ROUND 12]
2026-01-13 21:10:38,856 [INFO] Sampling failed: number of available clients (5) is less than number of requested clients (20).
2026-01-13 21:10:38,856 [INFO] configure_fit: no clients selected, cancel
2026-01-13 21:10:38,856 [INFO] Sampling failed: number of available clients (5) is less than number of requested clients (20).
2026-01-13 21:10:38,856 [INFO] configure_evaluate: no clients selected, skipping evaluation
2026-01-13 21:10:38,856 [INFO] 
2026-01-13 21:10:38,856 [INFO] [ROUND 13]
2026-01-13 21:10:38,856 [INFO] Sampling failed: number of available clients (5) is less than number of requested clients (20).
2026-01-13 21:10:38,856 [INFO] configure_fit: no clients selected, cancel
2026-01-13 21:10:38,856 [INFO] Sampling failed: number of available clients (5) is less than number of requested clients (20).
2026-01-13 21:10:38,856 [INFO] configure_evaluate: no clients selected, skipping evaluation
2026-01-13 21:10:38,856 [INFO] 
2026-01-13 21:10:38,856 [INFO] [ROUND 14]
2026-01-13 21:10:38,856 [INFO] Sampling failed: number of available clients (5) is less than number of requested clients (20).
2026-01-13 21:10:38,856 [INFO] configure_fit: no clients selected, cancel
2026-01-13 21:10:38,856 [INFO] Sampling failed: number of available clients (5) is less than number of requested clients (20).
2026-01-13 21:10:38,856 [INFO] configure_evaluate: no clients selected, skipping evaluation
2026-01-13 21:10:38,856 [INFO] 
2026-01-13 21:10:38,856 [INFO] [ROUND 15]
2026-01-13 21:10:38,856 [INFO] Sampling failed: number of available clients (5) is less than number of requested clients (20).
2026-01-13 21:10:38,856 [INFO] configure_fit: no clients selected, cancel
2026-01-13 21:10:38,856 [INFO] Sampling failed: number of available clients (5) is less than number of requested clients (20).
2026-01-13 21:10:38,856 [INFO] configure_evaluate: no clients selected, skipping evaluation
2026-01-13 21:10:38,857 [INFO] 
2026-01-13 21:10:38,857 [INFO] [ROUND 16]
2026-01-13 21:10:38,857 [INFO] Sampling failed: number of available clients (5) is less than number of requested clients (20).
2026-01-13 21:10:38,857 [INFO] configure_fit: no clients selected, cancel
2026-01-13 21:10:38,857 [INFO] Sampling failed: number of available clients (5) is less than number of requested clients (20).
2026-01-13 21:10:38,857 [INFO] configure_evaluate: no clients selected, skipping evaluation
2026-01-13 21:10:38,857 [INFO] 
2026-01-13 21:10:38,857 [INFO] [ROUND 17]
2026-01-13 21:10:38,857 [INFO] Sampling failed: number of available clients (5) is less than number of requested clients (20).
2026-01-13 21:10:38,857 [INFO] configure_fit: no clients selected, cancel
2026-01-13 21:10:38,857 [INFO] Sampling failed: number of available clients (5) is less than number of requested clients (20).
2026-01-13 21:10:38,857 [INFO] configure_evaluate: no clients selected, skipping evaluation
2026-01-13 21:10:38,857 [INFO] 
2026-01-13 21:10:38,857 [INFO] [ROUND 18]
2026-01-13 21:10:38,857 [INFO] Sampling failed: number of available clients (5) is less than number of requested clients (20).
2026-01-13 21:10:38,857 [INFO] configure_fit: no clients selected, cancel
2026-01-13 21:10:38,857 [INFO] Sampling failed: number of available clients (5) is less than number of requested clients (20).
2026-01-13 21:10:38,857 [INFO] configure_evaluate: no clients selected, skipping evaluation
2026-01-13 21:10:38,857 [INFO] 
2026-01-13 21:10:38,857 [INFO] [ROUND 19]
2026-01-13 21:10:38,857 [INFO] Sampling failed: number of available clients (5) is less than number of requested clients (20).
2026-01-13 21:10:38,857 [INFO] configure_fit: no clients selected, cancel
2026-01-13 21:10:38,858 [INFO] Sampling failed: number of available clients (5) is less than number of requested clients (20).
2026-01-13 21:10:38,858 [INFO] configure_evaluate: no clients selected, skipping evaluation
2026-01-13 21:10:38,858 [INFO] 
2026-01-13 21:10:38,858 [INFO] [ROUND 20]
2026-01-13 21:10:38,858 [INFO] Sampling failed: number of available clients (5) is less than number of requested clients (20).
2026-01-13 21:10:38,858 [INFO] configure_fit: no clients selected, cancel
2026-01-13 21:10:38,858 [INFO] Sampling failed: number of available clients (5) is less than number of requested clients (20).
2026-01-13 21:10:38,858 [INFO] configure_evaluate: no clients selected, skipping evaluation
2026-01-13 21:10:38,858 [INFO] 
2026-01-13 21:10:38,858 [INFO] [ROUND 21]
2026-01-13 21:10:38,858 [INFO] Sampling failed: number of available clients (5) is less than number of requested clients (20).
2026-01-13 21:10:38,858 [INFO] configure_fit: no clients selected, cancel
2026-01-13 21:10:38,858 [INFO] Sampling failed: number of available clients (5) is less than number of requested clients (20).
2026-01-13 21:10:38,858 [INFO] configure_evaluate: no clients selected, skipping evaluation
2026-01-13 21:10:38,858 [INFO] 
2026-01-13 21:10:38,858 [INFO] [ROUND 22]
2026-01-13 21:10:38,858 [INFO] Sampling failed: number of available clients (5) is less than number of requested clients (20).
2026-01-13 21:10:38,858 [INFO] configure_fit: no clients selected, cancel
2026-01-13 21:10:38,859 [INFO] Sampling failed: number of available clients (5) is less than number of requested clients (20).
2026-01-13 21:10:38,859 [INFO] gRPC Join peer=ipv4:127.0.0.1:48522 metadata=[_Metadatum(key='user-agent', value='grpc-python/1.76.0 grpc-c/51.0.0 (linux; chttp2)'), _Metadatum(key='router', value='{routing:[{hops:34.174.125.203:8095,127.0.0.1:8081]}}')]
2026-01-13 21:10:38,860 [INFO] configure_evaluate: no clients selected, skipping evaluation
2026-01-13 21:10:38,860 [INFO] 
2026-01-13 21:10:38,860 [INFO] [ROUND 23]
2026-01-13 21:10:38,860 [INFO] Sampling failed: number of available clients (6) is less than number of requested clients (24).
2026-01-13 21:10:38,861 [INFO] configure_fit: no clients selected, cancel
2026-01-13 21:10:38,861 [INFO] Sampling failed: number of available clients (6) is less than number of requested clients (24).
2026-01-13 21:10:38,861 [INFO] configure_evaluate: no clients selected, skipping evaluation
2026-01-13 21:10:38,861 [INFO] 
2026-01-13 21:10:38,861 [INFO] [ROUND 24]
2026-01-13 21:10:38,861 [INFO] Sampling failed: number of available clients (6) is less than number of requested clients (24).
2026-01-13 21:10:38,861 [INFO] configure_fit: no clients selected, cancel
2026-01-13 21:10:38,861 [INFO] Sampling failed: number of available clients (6) is less than number of requested clients (24).
2026-01-13 21:10:38,861 [INFO] configure_evaluate: no clients selected, skipping evaluation
2026-01-13 21:10:38,861 [INFO] 
2026-01-13 21:10:38,861 [INFO] [ROUND 25]
2026-01-13 21:10:38,861 [INFO] Sampling failed: number of available clients (6) is less than number of requested clients (24).
2026-01-13 21:10:38,862 [INFO] configure_fit: no clients selected, cancel
2026-01-13 21:10:38,862 [INFO] Sampling failed: number of available clients (6) is less than number of requested clients (24).
2026-01-13 21:10:38,862 [INFO] configure_evaluate: no clients selected, skipping evaluation
2026-01-13 21:10:38,862 [INFO] 
2026-01-13 21:10:38,862 [INFO] [ROUND 26]
2026-01-13 21:10:38,862 [INFO] Sampling failed: number of available clients (6) is less than number of requested clients (24).
2026-01-13 21:10:38,862 [INFO] configure_fit: no clients selected, cancel
2026-01-13 21:10:38,862 [INFO] Sampling failed: number of available clients (6) is less than number of requested clients (24).
2026-01-13 21:10:38,862 [INFO] configure_evaluate: no clients selected, skipping evaluation
2026-01-13 21:10:38,862 [INFO] 
2026-01-13 21:10:38,862 [INFO] [ROUND 27]
2026-01-13 21:10:38,862 [INFO] Sampling failed: number of available clients (6) is less than number of requested clients (24).
2026-01-13 21:10:38,862 [INFO] configure_fit: no clients selected, cancel
2026-01-13 21:10:38,862 [INFO] Sampling failed: number of available clients (6) is less than number of requested clients (24).
2026-01-13 21:10:38,863 [INFO] configure_evaluate: no clients selected, skipping evaluation
2026-01-13 21:10:38,863 [INFO] 
2026-01-13 21:10:38,863 [INFO] [ROUND 28]
2026-01-13 21:10:38,863 [INFO] Sampling failed: number of available clients (6) is less than number of requested clients (24).
2026-01-13 21:10:38,863 [INFO] configure_fit: no clients selected, cancel
2026-01-13 21:10:38,863 [INFO] Sampling failed: number of available clients (6) is less than number of requested clients (24).
2026-01-13 21:10:38,863 [INFO] configure_evaluate: no clients selected, skipping evaluation
2026-01-13 21:10:38,863 [INFO] 
2026-01-13 21:10:38,863 [INFO] [ROUND 29]
2026-01-13 21:10:38,863 [INFO] Sampling failed: number of available clients (6) is less than number of requested clients (24).
2026-01-13 21:10:38,863 [INFO] configure_fit: no clients selected, cancel
2026-01-13 21:10:38,863 [INFO] Sampling failed: number of available clients (6) is less than number of requested clients (24).
2026-01-13 21:10:38,863 [INFO] configure_evaluate: no clients selected, skipping evaluation
2026-01-13 21:10:38,864 [INFO] 
2026-01-13 21:10:38,864 [INFO] [ROUND 30]
2026-01-13 21:10:38,864 [INFO] Sampling failed: number of available clients (6) is less than number of requested clients (24).
2026-01-13 21:10:38,864 [INFO] configure_fit: no clients selected, cancel
2026-01-13 21:10:38,864 [INFO] Sampling failed: number of available clients (6) is less than number of requested clients (24).
2026-01-13 21:10:38,864 [INFO] configure_evaluate: no clients selected, skipping evaluation
2026-01-13 21:10:38,864 [INFO] 
2026-01-13 21:10:38,864 [INFO] [SUMMARY]
2026-01-13 21:10:38,864 [INFO] Run finished 30 rounds in 0.80s
2026-01-13 21:10:38,864 [INFO] 
2026-01-13 21:11:23,910 [INFO] RUN_CONFIG strategy=fedavg server_model=mlp data_root=processed num_rounds=30 clients_per_round=20 min_available=5 fraction_fit=4.0000 fraction_eval=4.0000 client_epochs=- client_lr=- client_batch=- client_mu=- client_loss=- client_model=-
2026-01-13 21:11:23,910 [WARNING] 
Setting `min_available_clients` lower than `min_fit_clients` or
`min_evaluate_clients` can cause the server to fail when there are too few clients
connected to the server. `min_available_clients` must be set to a value larger
than or equal to the values of `min_fit_clients` and `min_evaluate_clients`.

2026-01-13 21:11:23,911 [INFO] Starting Flower server, config: num_rounds=30, no round_timeout
2026-01-13 21:11:23,922 [INFO] Flower ECE: gRPC server running (30 rounds), SSL is disabled
2026-01-13 21:11:23,922 [INFO] [INIT]
2026-01-13 21:11:23,922 [INFO] Requesting initial parameters from one random client
